CODEX,SEX,CPF,ANY,SELE,CPE
226410,H,10000,2010,12.507,
226431,H,07703,2010,11.796,
226441,H,08840,2010,9.852,8034.0
226455,H,08700,2010,10.642000000000001,8700.0
226463,H,08029,2010,10.004,8034.0
226464,H,08150,2010,10.915999999999999,8401.0
226467,H,08036,2010,11.686,8023.0
226472,D,08017,2010,11.792,8017.0
226494,H,08005,2010,11.027999999999999,8005.0
226495,D,08011,2010,10.47,8007.0
226499,H,08016,2010,10.1,8031.0
226515,D,17400,2010,12.126,8470.0
226543,D,08401,2010,11.937999999999999,8401.0
226635,H,08902,2010,10.96,8902.0
226648,H,08014,2010,10.446,8014.0
226679,H,08261,2010,10.446,8261.0
226680,D,08041,2010,12.624,8022.0
226684,H,08458,2010,10.186,8401.0
226685,H,08911,2010,11.19,8912.0
226687,H,08022,2010,10.012,8017.0
226717,D,08016,2010,10.558,8030.0
226738,H,08036,2010,10.432,8173.0
226774,H,35002,2010,13.161,
226793,D,07800,2010,10.48,
226798,D,08860,2010,10.798,8850.0
226818,H,08011,2010,12.65,8036.0
226877,H,08370,2010,12.137,
226888,D,08350,2010,9.842,8350.0
226889,D,07840,2010,11.335999999999999,
226944,H,07410,2010,12.15,
226950,H,08190,2010,11.842,8017.0
226980,D,08018,2010,10.550999999999998,
226994,H,08950,2010,10.568,8906.0
227006,D,08038,2010,12.128,8038.0
227008,H,08025,2010,10.44,8009.0
227012,H,08011,2010,11.202,8009.0
227018,H,08005,2010,10.312000000000001,8007.0
227021,H,08328,2010,11.182,8007.0
227027,H,08755,2010,11.165999999999999,8755.0
227032,H,08021,2010,10.905999999999999,8017.0
227034,H,08006,2010,12.187999999999999,8017.0
227036,H,08037,2010,11.078,8034.0
227040,D,08001,2010,10.52,8001.0
227045,H,08901,2011,10.334000000000001,8901.0
227047,H,08906,2010,12.6,8901.0
227048,D,08905,2010,11.334000000000001,8901.0
227057,H,08018,2010,10.604000000000001,8009.0
227073,H,08197,2010,9.882,8022.0
227082,H,08140,2010,11.008,8140.0
227087,H,08402,2010,11.76,8402.0
227091,H,08905,2010,10.1,8034.0
227092,H,08021,2010,10.792,8034.0
227094,D,08028,2010,12.048,8034.0
227095,H,08960,2010,10.654000000000002,8034.0
227096,H,08009,2010,12.13,8034.0
227098,H,08034,2010,10.73,8034.0
227121,H,08017,2010,11.532,8021.0
227123,H,08006,2010,10.618,8021.0
227125,H,08009,2010,10.134,8021.0
227128,H,08023,2010,10.008,8022.0
227129,H,08036,2010,9.894,8022.0
227132,H,08034,2010,10.398,8022.0
227133,H,08021,2010,12.302,8022.0
227142,D,08006,2010,12.12,8006.0
227178,H,08024,2010,10.36,8024.0
227182,H,08917,2010,9.804,8917.0
227199,H,08029,2010,10.42,8017.0
227200,D,08006,2010,10.874,8006.0
227207,H,08034,2010,11.2,8034.0
227213,H,08912,2010,11.384,8912.0
227215,H,08391,2010,10.218,8912.0
227231,H,08025,2010,11.378,8025.0
227236,D,35500,2010,10.847999999999999,
227260,H,08917,2010,10.69,8912.0
227261,D,08006,2010,11.66,8034.0
227264,H,08017,2010,10.39,8034.0
227284,H,08041,2010,10.052,8041.0
227285,H,08025,2010,9.83,8041.0
227286,H,08035,2010,10.048,8035.0
227289,D,08032,2010,10.204,8035.0
227290,D,08006,2010,9.812000000000001,8006.0
227296,H,08021,2010,10.942,8006.0
227298,H,08034,2010,10.524000000000001,8017.0
227300,H,08195,2010,11.544,8017.0
227301,H,08320,2010,10.62,8017.0
227302,D,08034,2010,10.46,8017.0
227303,H,08034,2010,10.154,8017.0
227304,H,08173,2010,10.076,8017.0
227307,H,08007,2010,11.522,8022.0
227309,H,08023,2010,12.495999999999999,8022.0
227320,H,08912,2010,10.706,8912.0
227326,H,08500,2010,10.55,8500.0
227327,H,08500,2010,10.927999999999999,8500.0
227328,H,08512,2010,12.328,8500.0
227332,H,08552,2010,9.786,8500.0
227334,H,08500,2010,11.927999999999999,8500.0
227338,H,08032,2010,10.517999999999999,8034.0
227341,D,08037,2010,12.244000000000002,8034.0
227351,H,08029,2010,12.395999999999999,8036.0
227355,H,08015,2010,10.508,8008.0
227363,H,08911,2010,11.495999999999999,8912.0
227365,H,08912,2010,12.694,8912.0
227369,H,08023,2010,9.77,8022.0
227383,H,08015,2010,12.092,8015.0
227406,H,08172,2010,10.106,8174.0
227409,D,08349,2010,10.904000000000002,8017.0
227413,H,08022,2010,11.0,8017.0
227422,D,08025,2010,10.794,8025.0
227433,D,17530,2010,12.315999999999999,8500.0
227436,H,08507,2010,11.484000000000002,8500.0
227447,D,08172,2010,10.422,8017.0
227451,H,08028,2010,12.002,8017.0
227452,H,08038,2010,10.058,8017.0
227457,H,08901,2010,9.998,8907.0
227459,H,08901,2010,9.782,8907.0
227475,H,08022,2010,13.13,8017.0
227476,H,08028,2010,9.88,8017.0
227480,H,08017,2010,12.114,8017.0
227482,D,08197,2010,11.76,8017.0
227495,H,08503,2010,9.836,8500.0
227497,H,08503,2010,12.542,8500.0
227505,H,08940,2010,11.298,8902.0
227506,H,08902,2010,10.844000000000001,8902.0
227518,D,08017,2010,11.482000000000001,8017.0
227519,D,08034,2010,11.527999999999999,8034.0
227520,H,08905,2010,10.334000000000001,8034.0
227522,H,08034,2010,10.255999999999998,8034.0
227556,D,08031,2010,12.618,8016.0
227584,H,08187,2010,11.975999999999999,8530.0
227588,H,08940,2010,12.04,8017.0
227590,H,08010,2010,12.462,8010.0
227591,H,08009,2010,10.277999999999999,8010.0
227601,H,08029,2010,11.616,8029.0
227602,D,08036,2010,13.062000000000001,8029.0
227607,H,08796,2010,10.434000000000001,8029.0
227609,D,08028,2010,10.495999999999999,8029.0
227620,H,08023,2010,10.014,8006.0
227624,H,08173,2010,11.7,8034.0
227636,H,08034,2010,11.574000000000002,8035.0
227637,D,08022,2010,12.466,8035.0
227639,D,08029,2010,12.422,8022.0
227641,H,08027,2010,11.18,8027.0
227654,H,08034,2010,10.017999999999999,8008.0
227659,H,08025,2010,11.004000000000001,8021.0
227665,H,08015,2010,10.172,8021.0
227686,H,08902,2010,10.076,8014.0
227700,H,08009,2010,12.306,8010.0
227701,H,08009,2010,11.868,8010.0
227703,D,08037,2010,10.585999999999999,8010.0
227707,H,08019,2010,10.492,8010.0
227712,H,08042,2010,11.2,8031.0
227725,H,08202,2010,11.422,8205.0
227728,H,08800,2010,10.958,8800.0
227735,D,08776,2010,10.754000000000001,8770.0
227737,H,08188,2010,10.43,8440.0
227738,H,08459,2010,11.255999999999998,8440.0
227742,D,08021,2010,9.892000000000001,8022.0
227744,H,08017,2010,12.43,8022.0
227746,H,08029,2010,11.76,8017.0
227752,H,08029,2010,11.092,8034.0
227753,H,08023,2010,10.927999999999999,8034.0
227755,D,08015,2010,11.095999999999998,8034.0
227756,H,08023,2010,13.495999999999999,8034.0
227757,D,08034,2010,10.84,8034.0
227765,H,08034,2010,12.822000000000001,8034.0
227766,H,08202,2010,11.96,8034.0
227769,H,08022,2010,11.742,8034.0
227774,H,08173,2010,11.255999999999998,8034.0
227775,H,08195,2010,10.308,8034.0
227779,H,08922,2010,12.436,8030.0
227786,H,08195,2010,10.17,8195.0
227787,H,08030,2010,10.66,8195.0
227791,H,08036,2010,10.716,8036.0
227792,D,08029,2010,13.015999999999998,8036.0
227801,H,08023,2010,11.432,8017.0
227805,D,08017,2010,11.09,8034.0
227807,D,08037,2010,12.352,8034.0
227814,H,08015,2010,10.076,8902.0
227816,H,08907,2010,12.924000000000001,8906.0
227821,D,08907,2010,10.844000000000001,8907.0
227823,H,08901,2010,9.988,8907.0
227825,H,08907,2010,9.954,8907.0
227828,D,08038,2010,11.032,8902.0
227829,D,08820,2010,11.107999999999999,8902.0
227838,H,08800,2010,10.96,8800.0
227854,H,08195,2010,11.924000000000001,8173.0
227855,H,08022,2010,12.242,8173.0
227856,H,08017,2010,9.896,8173.0
227857,H,08017,2010,10.322000000000001,8173.0
227859,H,08830,2010,10.76,8830.0
227871,H,08720,2010,10.908,8720.0
227877,H,17003,2010,12.262,17005.0
227878,H,17002,2010,10.892000000000001,17005.0
227880,D,17310,2010,10.478,17458.0
227887,H,08014,2010,10.82,8014.0
227908,H,08189,2010,10.888,8140.0
227935,D,17007,2010,12.774000000000001,17004.0
227942,H,43003,2010,10.04,43005.0
227947,H,08303,2010,10.49,8303.0
227953,H,08029,2010,9.988,8029.0
227956,H,08028,2010,11.636,8029.0
227958,H,08860,2010,12.89,8850.0
227979,H,08720,2010,9.846,8720.0
227994,D,17500,2010,9.844,17500.0
228005,D,43350,2010,12.62,43330.0
228006,D,43330,2010,10.002,43330.0
228015,H,08191,2010,11.34,8174.0
228017,H,08172,2010,10.456,8174.0
228018,H,08860,2010,11.585999999999999,8850.0
228021,D,08860,2010,10.196,8860.0
228027,H,08759,2010,10.825999999999999,8759.0
228029,H,08180,2010,11.332,8180.0
228044,D,17003,2010,12.044,17003.0
228045,D,17003,2010,10.11,17003.0
228046,H,17003,2010,10.702,17003.0
228047,H,08397,2010,10.728,17003.0
228048,H,17003,2010,10.632,17003.0
228049,H,08397,2010,10.73,17003.0
228055,H,08320,2010,9.782,8390.0
228060,H,08017,2010,12.136,8034.0
228061,H,08021,2010,11.742,8034.0
228063,H,08635,2010,11.02,8640.0
228080,H,08470,2010,11.424000000000001,8470.0
228091,H,08700,2010,10.998,8700.0
228096,D,08415,2010,9.824,8520.0
228099,H,43340,2010,10.874,43002.0
228100,H,43850,2010,9.802,43002.0
228108,H,17310,2010,10.294,17310.0
228122,H,08001,2010,9.772,8034.0
228126,H,08980,2010,10.915999999999999,8980.0
228128,D,25282,2010,12.354000000000001,25280.0
228154,D,17469,2010,11.82,17486.0
228158,H,17800,2010,10.032,17800.0
228162,H,17800,2010,12.335999999999999,17800.0
228164,H,17520,2010,10.56,17520.0
228169,D,08035,2010,11.276,8023.0
228179,H,08980,2010,12.062000000000001,8980.0
228188,D,08818,2010,10.556,8810.0
228190,D,08261,2010,11.436,8261.0
228204,H,08970,2010,9.937999999999999,8960.0
228210,D,25740,2010,11.08,25740.0
228227,H,08020,2010,10.484000000000002,8019.0
228229,H,08350,2010,12.494000000000002,8350.0
228242,D,08020,2010,11.63,8980.0
228245,H,08970,2010,10.026,8970.0
228246,H,08029,2010,11.048,8960.0
228247,H,08740,2010,12.735999999999999,8960.0
228260,H,08401,2010,10.47,8401.0
228268,H,25210,2010,10.995999999999999,25210.0
228281,H,08397,2010,10.332,8370.0
228297,H,08820,2010,11.764000000000001,8820.0
228300,H,08025,2010,11.302,8024.0
228302,H,08024,2010,10.595999999999998,8024.0
228315,D,08029,2010,12.074000000000002,8028.0
228323,H,17257,2010,10.42,17257.0
228324,H,17111,2010,9.852,17257.0
228367,H,08173,2010,10.734000000000002,8197.0
228371,H,08759,2010,11.597999999999999,8950.0
228372,H,08950,2010,11.234000000000002,8950.0
228375,H,08820,2010,9.783999999999999,8950.0
228382,H,43205,2010,10.354000000000001,43206.0
228383,H,43202,2010,10.332,43206.0
228418,H,08820,2010,9.994,8950.0
228429,D,08402,2010,11.585999999999999,8100.0
228432,H,08301,2010,10.412,8304.0
228436,D,08340,2010,11.208,8340.0
228439,H,08700,2010,10.694,8700.0
228454,D,08380,2010,12.402000000000001,8380.0
228459,D,43700,2010,10.146,43700.0
228474,H,08105,2010,11.538,8100.0
228476,H,08100,2010,9.936,8100.0
228494,H,08242,2010,10.444,8240.0
228497,H,08243,2010,11.296,8240.0
228504,H,43700,2010,9.936,43700.0
228525,H,08030,2010,10.96,8030.0
228529,H,08014,2010,10.687999999999999,8027.0
228530,H,43007,2010,10.484000000000002,43120.0
228531,H,43007,2010,11.818,43120.0
228532,H,43203,2010,11.38,43120.0
228533,H,43840,2010,11.38,43120.0
228535,D,43202,2010,11.98,43205.0
228536,H,43206,2010,9.982000000000001,43205.0
228537,H,43206,2010,11.83,43205.0
228540,D,25005,2010,9.924,25002.0
228556,H,08034,2010,10.872,8034.0
228563,H,08859,2010,11.606,8850.0
228571,H,08034,2010,11.017999999999999,8173.0
228572,D,08034,2010,9.84,8173.0
228573,H,08034,2010,11.097999999999999,8173.0
228576,H,08620,2010,10.328,8620.0
228581,H,08849,2010,12.936,8830.0
228593,D,17600,2010,11.088,17600.0
228599,H,08034,2010,11.276,8034.0
228600,H,08005,2010,10.738,8034.0
228601,D,08036,2010,11.58,8034.0
228615,H,08328,2010,10.944,8328.0
228623,D,43206,2010,11.404000000000002,43110.0
228628,D,08025,2010,11.45,8030.0
228629,D,08030,2010,12.444,8030.0
228630,D,08030,2010,13.245999999999999,8030.0
228631,H,08027,2010,10.16,8030.0
228637,H,08027,2010,11.024000000000001,8030.0
228657,H,08330,2010,11.154000000000002,8302.0
228660,D,08970,2010,10.732000000000001,8034.0
228661,H,08029,2010,11.948,8034.0
228663,D,08029,2010,10.7,8034.0
228695,D,08690,2010,10.107999999999999,8830.0
228704,H,43500,2010,11.328,43500.0
228708,H,22520,2010,10.548,25111.0
228715,H,43750,2010,10.504000000000001,43750.0
228718,H,08330,2010,11.25,8301.0
228721,H,08029,2010,10.522,8014.0
228736,H,08310,2010,9.78,8310.0
228745,H,07760,2010,9.937999999999999,
228880,H,08026,2010,10.118,8025.0
228884,H,08192,2010,9.77,8195.0
228921,D,08960,2010,13.238,8034.0
228958,H,08029,2010,11.267999999999999,8014.0
228971,D,99999,2010,10.33,
228998,H,08004,2010,10.45,
229011,H,07560,2010,10.86,
229037,H,99999,2010,10.255,
229072,H,07012,2010,11.012,
229096,D,08940,2010,10.39,8901.0
229108,H,08950,2010,12.888,8960.0
229121,H,08021,2010,10.31,
229137,H,08022,2010,12.167,
229146,H,43850,2010,11.488,43205.0
229148,H,08030,2010,10.434000000000001,8027.0
229176,H,08520,2010,10.645999999999999,8530.0
229211,H,08009,2010,9.92,8023.0
229248,H,08870,2010,10.59,8034.0
229262,D,07820,2010,10.234,
229314,D,08290,2010,11.51,8290.0
229368,H,08172,2010,11.154000000000002,8034.0
229370,H,08016,2010,10.124,8027.0
229380,H,07002,2010,10.004,
229400,D,12500,2010,11.9,
229423,H,17527,2010,11.334000000000001,17520.0
229447,H,17002,2010,10.354000000000001,17004.0
229451,D,08012,2010,11.07,8006.0
229457,H,08013,2010,10.634,8009.0
229520,H,08195,2010,10.672,8035.0
229635,H,08023,2010,11.522,8022.0
229677,H,08340,2010,10.328,8340.0
229691,H,08012,2010,11.386,8007.0
229698,H,08859,2010,9.946,8014.0
229736,D,08006,2010,11.292,8006.0
229744,H,07800,2010,10.546,
229754,D,08041,2010,12.864,8007.0
229759,H,08025,2010,9.842,8012.0
229794,D,08021,2010,10.844000000000001,8022.0
229808,H,07012,2010,12.204,
229821,D,43002,2010,12.37,43002.0
229827,H,07730,2010,11.234000000000002,
229830,H,08328,2010,10.198,8021.0
229857,H,08005,2010,10.792,
229890,H,25518,2010,12.042,25500.0
229911,H,08903,2010,9.792,8034.0
229925,H,08006,2010,12.796,8034.0
229949,H,08034,2010,9.95,8034.0
229972,D,08700,2010,10.574000000000002,8700.0
230005,H,08022,2010,10.767999999999999,8022.0
230006,H,07760,2010,10.83,
230008,D,07702,2010,10.238,
230066,D,08028,2010,12.132,25111.0
230157,H,08023,2010,10.33,8006.0
230159,D,08860,2010,10.146,8860.0
230188,H,08173,2010,13.59,8173.0
230199,H,08360,2010,11.505999999999998,8360.0
230210,H,08640,2010,10.402000000000001,8640.0
230248,D,43005,2010,11.36,43005.0
230302,H,08450,2010,11.572000000000001,8440.0
230310,H,08390,2010,12.335999999999999,8390.0
230356,H,08911,2010,11.665999999999999,8390.0
230661,D,08328,2010,10.05,8034.0
230662,H,08193,2010,10.036,8174.0
230666,H,08034,2010,11.982000000000001,8034.0
230684,H,43781,2010,11.888,43780.0
230686,H,43005,2010,11.4,43005.0
230772,H,08391,2010,11.036,8390.0
230805,H,08173,2010,10.828,8017.0
230829,H,08013,2010,11.578,8009.0
230843,H,08041,2010,10.92,8017.0
230878,D,08022,2010,10.934000000000001,8034.0
230933,H,43500,2010,10.437999999999999,43500.0
230939,H,08922,2010,10.904000000000002,8030.0
230992,H,08914,2010,11.665999999999999,8912.0
231048,H,07013,2010,10.802,
231199,H,25002,2010,11.33,25002.0
231202,H,08005,2010,10.538,8029.0
231325,H,08917,2010,9.79,8912.0
231371,H,08032,2010,11.224,8035.0
231419,H,08021,2010,9.166,8017.0
231441,D,07320,2010,9.166,
231745,H,08013,2010,10.914000000000001,8009.0
231885,H,08015,2010,10.585999999999999,8001.0
231991,H,08013,2010,10.802,8009.0
232054,H,08017,2010,9.61,8195.0
232094,H,08272,2010,9.684,8240.0
232124,H,08922,2010,9.682,8030.0
232153,H,08173,2010,9.624,8021.0
232166,H,00000,2010,9.767000000000001,
232234,H,08006,2010,9.687999999999999,8022.0
232235,H,08005,2010,9.638,8022.0
232248,H,08036,2010,9.693999999999999,8023.0
232333,H,08784,2010,9.6,8770.0
232335,H,07760,2010,9.687999999999999,
232338,H,08800,2010,9.634,8800.0
232347,H,08028,2010,9.756,8028.0
232351,H,08150,2010,9.746,8100.0
232356,H,43206,2010,9.767999999999999,43120.0
232372,H,08370,2010,9.72,8370.0
232379,H,25700,2010,9.677999999999999,25700.0
232393,H,08017,2010,9.714,8017.0
232499,H,08017,2010,10.838,8017.0
232526,D,43201,2010,10.48,43206.0
232636,H,08901,2010,10.812000000000001,8902.0
232677,H,08028,2010,11.764000000000001,8034.0
232679,D,08302,2010,10.91,8304.0
232772,H,08110,2010,10.724,8110.0
232799,H,08005,2010,9.706,8005.0
232879,D,17003,2010,10.882,17003.0
232933,H,08034,2010,10.845999999999998,8021.0
232965,H,08035,2010,10.549000000000001,
232981,H,08100,2010,10.708,8100.0
233021,H,08021,2010,10.792,8022.0
233142,H,08290,2010,11.78,8017.0
233204,H,08007,2010,10.91,8034.0
243049,H,08032,2010,10.074,8032.0
243050,D,07006,2011,11.73,
243124,H,08017,2011,11.286,8022.0
243136,H,08970,2011,10.052,8034.0
243142,H,08006,2011,12.602,
243182,H,08021,2011,12.667,
243200,H,08027,2010,10.578,8027.0
243205,H,08025,2011,12.66,
243241,H,07620,2011,10.748,
243262,H,28001,2011,12.460999999999999,
243368,H,20008,2011,12.245999999999999,
243374,D,08022,2010,10.762,8034.0
243436,H,08029,2011,9.722000000000001,8029.0
243442,D,08320,2010,10.388,8328.0
243454,H,08017,2011,10.918,8173.0
243536,H,07410,2011,10.57,
243538,H,08041,2011,10.036,
243543,H,99999,2011,10.439,
243546,H,08034,2011,12.743,
243556,H,07500,2011,12.03,
243572,H,08023,2011,10.58,8022.0
243582,H,08012,2011,11.833,
243658,H,08017,2011,10.0,8017.0
243666,H,08860,2011,11.592,8034.0
243676,H,08026,2011,10.744000000000002,8032.0
243681,H,08015,2011,10.395999999999999,8007.0
243702,D,43740,2011,10.616,43740.0
243721,H,07013,2011,10.448,
243737,D,08017,2011,13.585,
243740,H,08034,2011,12.263,
243748,H,08029,2010,10.374,8036.0
243759,D,20002,2011,12.472000000000001,
243766,H,07015,2011,10.662,
243768,H,07814,2011,10.28,
243773,H,20012,2011,12.718,
243776,H,07730,2011,12.136,
243777,H,07840,2011,10.632,
243832,H,08022,2011,12.331,
243863,H,08028,2011,10.306,
243865,D,08035,2011,12.526,8035.0
243899,H,43002,2011,11.395999999999999,43002.0
243956,H,17310,2011,10.208,17310.0
243959,H,25617,2011,10.112,25600.0
243964,H,08110,2011,11.274000000000001,8110.0
243979,H,17300,2011,10.894,17300.0
243985,H,08912,2011,10.074,8912.0
243988,D,25006,2011,11.972000000000001,25003.0
243993,D,08870,2010,12.126,8009.0
243999,H,17480,2011,10.568,17480.0
244002,H,08100,2011,10.994000000000002,8100.0
244005,H,17480,2011,11.37,17480.0
244012,H,08100,2011,10.972000000000001,8100.0
244032,H,17744,2011,12.466,17600.0
244041,H,08011,2011,11.905999999999999,8029.0
244049,H,43850,2011,11.6,43120.0
244060,H,08520,2011,12.13,8401.0
244074,H,08023,2011,10.704,8013.0
244077,H,08013,2011,10.424000000000001,8013.0
244090,H,17310,2011,10.462,17310.0
244095,D,08629,2011,10.55,8906.0
244106,H,43007,2011,12.988,43007.0
244109,H,43500,2011,11.825999999999999,43500.0
244113,H,17003,2011,10.485999999999999,17002.0
244115,H,25005,2011,9.732000000000001,25005.0
244117,D,43392,2011,10.058,43205.0
244119,D,25182,2011,9.726,25002.0
244129,H,43700,2011,12.668,43700.0
244140,H,08015,2011,9.918,8029.0
244141,H,08018,2011,10.422,8029.0
244149,D,43007,2011,9.81,43003.0
244150,H,43007,2011,11.394,43003.0
244151,H,43001,2011,10.8,43003.0
244194,D,43400,2011,11.752,43400.0
244203,H,17500,2011,12.572000000000001,17500.0
244208,D,43007,2011,10.706,43003.0
244226,H,08005,2011,10.036,8029.0
244235,H,43205,2011,12.33,43205.0
244236,H,43206,2011,11.4,43205.0
244252,H,08015,2011,10.575999999999999,8029.0
244262,H,43500,2011,10.264000000000001,43500.0
244279,H,43007,2011,10.622,43007.0
244287,H,43500,2011,11.204,43500.0
244289,H,43850,2011,12.008,43850.0
244290,H,43850,2011,10.964,43850.0
244300,H,08330,2011,10.93,8330.0
244329,D,08776,2011,12.252,8770.0
244339,D,43005,2011,11.194,43110.0
244340,D,43596,2011,12.386,43110.0
244342,D,43007,2011,12.542,43110.0
244343,H,43893,2011,9.81,43002.0
244361,H,25006,2011,9.726,25111.0
244364,H,43203,2011,10.437999999999999,43206.0
244377,H,08018,2011,10.645999999999999,8009.0
244379,H,43392,2011,12.044,43120.0
244391,H,08338,2011,10.558,8338.0
244406,H,43007,2011,11.142000000000001,43003.0
244408,H,08401,2011,12.394,8400.0
244455,H,43002,2011,11.5,43003.0
244456,H,43800,2011,10.972000000000001,43800.0
244457,H,08717,2011,11.498,25200.0
244458,H,25214,2011,9.736,25200.0
244468,D,08036,2011,11.524000000000001,8029.0
244483,D,08700,2011,11.298,8719.0
244495,H,08780,2011,12.27,8950.0
244517,H,08038,2011,9.948,8902.0
244530,D,17002,2011,9.85,17003.0
244531,H,17111,2011,11.648,17003.0
244533,H,08397,2011,11.298,17003.0
244535,H,08034,2011,10.982000000000001,8021.0
244575,D,08756,2011,11.648,8757.0
244596,H,43205,2011,11.012,43205.0
244626,D,25600,2011,12.18,25600.0
244633,H,08023,2011,9.744,8021.0
244648,H,08903,2011,12.624,8902.0
244651,H,25700,2011,10.016,25700.0
244653,D,25700,2011,12.474,25700.0
244663,H,25196,2011,10.708,25002.0
244698,H,08173,2011,10.616,8021.0
244702,H,08015,2011,9.968,8021.0
244703,H,08012,2011,12.28,8021.0
244705,H,08970,2011,11.85,8021.0
244708,H,08041,2011,11.524000000000001,8009.0
244725,H,08173,2011,10.338,8173.0
244738,H,07141,2010,9.948,
244746,H,08173,2011,10.177999999999999,8017.0
244753,H,08027,2011,11.004000000000001,8041.0
244758,H,17134,2011,10.13,17257.0
244785,H,08207,2011,11.062000000000001,8207.0
244802,H,08173,2011,11.145999999999999,8172.0
244826,H,08028,2010,9.244,8028.0
244840,H,08980,2011,10.585999999999999,8980.0
244843,H,17600,2011,10.45,17600.0
244844,D,25002,2011,10.193999999999999,25002.0
244846,H,25310,2011,11.505999999999998,25310.0
244848,H,25790,2011,11.39,25280.0
244852,H,08034,2011,11.664000000000001,8021.0
244867,D,08015,2011,10.854000000000001,8031.0
244868,D,08031,2011,11.628,8031.0
244869,H,08032,2011,11.082,8031.0
244886,H,08022,2011,10.224,8021.0
244888,H,08028,2011,12.582,8021.0
244891,H,08008,2011,11.595999999999998,8021.0
244892,H,08911,2011,11.87,8912.0
244905,D,08380,2011,11.048,8380.0
244937,H,08024,2011,11.144,8025.0
244971,D,08830,2011,11.318,8902.0
244972,D,08014,2011,10.815999999999999,8023.0
244974,H,08201,2011,9.882,8205.0
244985,D,25300,2011,10.932,25300.0
245004,H,08700,2011,11.267999999999999,8719.0
245017,D,25001,2011,12.985999999999999,25002.0
245034,H,08022,2011,9.878,8022.0
245070,H,08769,2011,12.548,8760.0
245074,H,08034,2011,11.924000000000001,8034.0
245077,H,08028,2011,10.825999999999999,8034.0
245084,H,08024,2011,10.436,8024.0
245086,H,08013,2011,11.222000000000001,8024.0
245087,D,08960,2011,13.6,8022.0
245110,H,08025,2011,11.814,8012.0
245113,H,08980,2011,10.458,8034.0
245121,D,08017,2011,11.81,8022.0
245127,H,08028,2011,10.582,8028.0
245132,H,08017,2011,10.78,8017.0
245137,H,08006,2011,10.1,8017.0
245150,H,08302,2011,10.74,8304.0
245166,H,08328,2011,9.906,8916.0
245168,H,08021,2011,11.56,8022.0
245174,H,08017,2011,12.937999999999999,8017.0
245176,D,08173,2011,12.352,8022.0
245181,H,08028,2011,11.352,8029.0
245190,D,08017,2011,12.075999999999999,8006.0
245195,H,08015,2011,9.98,8017.0
245208,H,08034,2011,10.708,8034.0
245213,H,08025,2011,10.314,8025.0
245214,H,08025,2011,10.274000000000001,8025.0
245218,H,08037,2011,12.072000000000001,8036.0
245219,H,08037,2011,10.898,8036.0
245221,H,08023,2011,12.25,8035.0
245229,H,08042,2011,9.918,8035.0
245234,H,08017,2011,10.24,8017.0
245235,D,08017,2011,11.68,8017.0
245240,H,08029,2011,11.79,8017.0
245307,H,08021,2011,11.138,8034.0
245308,H,08008,2011,10.754000000000001,8034.0
245314,D,08013,2011,11.866,8017.0
245316,H,08032,2011,11.19,8034.0
245322,H,08008,2011,13.335999999999999,8036.0
245332,D,08017,2011,12.517999999999999,8022.0
245335,H,08029,2011,11.84,8022.0
245344,H,08201,2011,11.162,8201.0
245359,H,08022,2011,10.347999999999999,8034.0
245360,H,08034,2011,10.357999999999999,8034.0
245365,H,08014,2011,10.193999999999999,8014.0
245368,H,08290,2011,9.964,8034.0
245369,H,08173,2011,11.106,8034.0
245370,H,08027,2011,10.592,8034.0
245372,H,08022,2011,11.508,8022.0
245373,D,08022,2011,11.782,8022.0
245374,H,08006,2011,11.485999999999999,8034.0
245375,H,08030,2011,12.11,8030.0
245377,H,08370,2011,11.347999999999999,8370.0
245378,H,08370,2011,10.37,8370.0
245393,H,08757,2011,9.876,8757.0
245394,H,08034,2011,11.08,8034.0
245395,H,08022,2011,11.265999999999998,8034.0
245401,D,08034,2011,11.154000000000002,8034.0
245402,H,08034,2011,12.204,8034.0
245403,H,08034,2011,10.842,8034.0
245404,H,08015,2011,11.155999999999999,8036.0
245405,D,08754,2011,10.664000000000001,8022.0
245406,D,08034,2011,11.458,8022.0
245407,D,08021,2011,10.13,8022.0
245408,D,08030,2011,11.136,8030.0
245410,H,08030,2011,10.995999999999999,8030.0
245418,H,08950,2011,10.22,8034.0
245432,H,08711,2011,9.722000000000001,8700.0
245440,H,08013,2011,10.272,8012.0
245443,H,08030,2011,11.118,8030.0
245445,H,08028,2011,11.45,8017.0
245447,H,08017,2011,10.08,8017.0
245451,H,08023,2011,10.93,8022.0
245453,D,08022,2011,11.324000000000002,8022.0
245462,D,08013,2011,11.698,8009.0
245473,H,08348,2011,10.315999999999999,8301.0
245474,H,08340,2011,10.67,8301.0
245476,D,08301,2011,12.106,8301.0
245486,D,08005,2011,10.614,8005.0
245505,D,08021,2011,12.515999999999998,8034.0
245509,H,08029,2011,10.87,8029.0
245516,D,08034,2011,11.55,8034.0
245517,D,08034,2011,11.324000000000002,8034.0
245520,D,08017,2011,11.446,8034.0
245521,H,08014,2011,10.694,8010.0
245553,D,08025,2011,11.062000000000001,8006.0
245554,H,08005,2011,10.315999999999999,8010.0
245556,D,08173,2011,10.725999999999999,8010.0
245561,H,08002,2011,10.038,8010.0
245563,H,08018,2011,10.764000000000001,8010.0
245564,H,08029,2011,12.524000000000001,8007.0
245568,H,08024,2011,9.874,8024.0
245584,H,08025,2013,11.068,8034.0
245585,H,08029,2011,10.83,8034.0
245590,D,08023,2011,12.804,8022.0
245591,H,08840,2011,10.294,8007.0
245601,H,08003,2011,10.64,8010.0
245603,H,08036,2011,9.732000000000001,8010.0
245605,H,08028,2011,12.672,8017.0
245607,H,08017,2011,10.755999999999998,8035.0
245619,H,08028,2011,11.838,8014.0
245620,D,08014,2011,10.374,8014.0
245621,D,08017,2011,12.187999999999999,8193.0
245624,H,08012,2011,11.33,8023.0
245633,D,08013,2011,9.932,8009.0
245635,D,08029,2011,10.172,8017.0
245636,H,08860,2011,12.542,8034.0
245637,H,08021,2011,10.004,8034.0
245638,D,08010,2011,12.982000000000001,8037.0
245639,D,08013,2011,11.592,8037.0
245640,H,08024,2011,9.978,8024.0
245643,H,08008,2011,10.026,8008.0
245648,H,08017,2011,11.517999999999999,8034.0
245649,D,08017,2011,12.208,8022.0
245654,H,08018,2011,10.2,8027.0
245663,H,08901,2011,9.818,8014.0
245665,H,08004,2011,9.934,8025.0
245674,H,08029,2011,10.94,8034.0
245675,H,08028,2011,10.76,8034.0
245676,D,08017,2011,11.96,8034.0
245677,D,08172,2011,11.937999999999999,8034.0
245708,H,08025,2011,11.27,8017.0
245710,H,08980,2011,10.597999999999999,8017.0
245724,H,08017,2011,10.187999999999999,8034.0
245729,H,08025,2011,10.68,8022.0
245731,H,08015,2011,10.796,8036.0
245733,H,08015,2011,11.888,8036.0
245737,D,08009,2011,11.118,8009.0
245763,H,08017,2011,10.46,8017.0
245764,H,08028,2011,9.98,8017.0
245768,H,43882,2011,10.46,8770.0
245776,H,08019,2011,9.774,8009.0
245777,H,08021,2011,10.086,8009.0
245796,H,08302,2011,11.04,8302.0
245810,H,08506,2011,11.4,8500.0
245811,D,08551,2011,11.335999999999999,8500.0
245812,H,08504,2011,10.12,8500.0
245826,H,08034,2011,12.18,8022.0
245832,H,08028,2011,10.974,8017.0
245843,D,08320,2011,10.082,8320.0
245846,H,08006,2011,11.575999999999999,8173.0
245847,H,08022,2011,10.09,8173.0
245853,H,08820,2011,10.937999999999999,8950.0
245865,H,08732,2011,10.1,8720.0
245878,H,08023,2011,11.517000000000001,
245929,H,08028,2011,11.82,8017.0
245932,D,08940,2011,11.88,8950.0
245944,H,08750,2011,10.418,8750.0
245950,H,08014,2011,10.755999999999998,8028.0
245951,H,08350,2011,9.996,8350.0
245954,H,08960,2011,11.2,8960.0
245985,H,08017,2011,10.436,8173.0
245986,H,08017,2011,11.694,8173.0
246007,H,08302,2011,11.862,8304.0
246015,H,08036,2011,11.106,8008.0
246034,D,08224,2011,10.096,8221.0
246057,H,25740,2011,10.356,8243.0
246091,H,08195,2011,10.76,8017.0
246094,H,08023,2011,10.86,8017.0
246095,H,08202,2011,10.8,8017.0
246098,H,08038,2011,11.55,8028.0
246104,H,08800,2011,10.93,8800.0
246113,D,08330,2011,10.522,8330.0
246123,H,08302,2011,11.267999999999999,8301.0
246132,H,08017,2011,11.89,8028.0
246151,H,08820,2011,9.863999999999999,8820.0
246155,H,08029,2011,9.72,8017.0
246156,H,08201,2013,10.0,8017.0
246199,H,08756,2011,10.734000000000002,8757.0
246236,H,08980,2011,11.86,8980.0
246237,H,08970,2011,13.2,8980.0
246265,H,08370,2011,12.648,8370.0
246267,H,08397,2011,10.735999999999999,8370.0
246298,D,08330,2011,10.636,8302.0
246304,D,08301,2011,11.8,8302.0
246312,H,08840,2011,10.54,8840.0
246314,H,08800,2011,10.21,8800.0
246343,H,08902,2011,10.664000000000001,8907.0
246356,H,08197,2011,11.724,8173.0
246361,D,08330,2011,11.672,8917.0
246370,D,08034,2011,10.664000000000001,8022.0
246373,D,08029,2010,11.847999999999999,8036.0
246391,D,08784,2011,11.16,8770.0
246396,H,08500,2011,9.814,8500.0
246397,H,08777,2011,9.972000000000001,8720.0
246416,H,17772,2011,11.258,17600.0
246465,D,08770,2011,9.818,8770.0
246514,H,08028,2011,10.994000000000002,8034.0
246519,H,08850,2010,9.886000000000001,8850.0
246579,H,08820,2010,10.122,8021.0
246587,H,43550,2010,11.352,43500.0
246657,H,25600,2011,11.09,25600.0
246660,H,08036,2011,12.07,8006.0
246706,H,08902,2010,10.228,8903.0
246718,H,08036,2010,9.78,8029.0
246730,H,08024,2011,10.87,8024.0
246733,H,43510,2011,10.677999999999999,43500.0
246748,H,07014,2011,12.052,
246767,H,08035,2011,10.638,8035.0
246794,H,07230,2011,11.015999999999998,
246800,H,11405,2011,12.432,
246807,H,17480,2011,12.165999999999999,17480.0
246818,H,08338,2011,10.122,8338.0
246899,D,17003,2010,12.642000000000001,17004.0
246908,H,08921,2011,11.936,8030.0
247055,H,07194,2011,11.065999999999999,
247069,H,07230,2011,10.252,
247070,H,08922,2010,10.825999999999999,8030.0
247072,H,12580,2011,10.92,
247077,H,08025,2011,10.628,
247121,D,44570,2011,11.818,
247256,H,08027,2010,11.3,8027.0
247399,H,08013,2010,9.93,8010.0
247426,H,08302,2010,9.49,8301.0
248338,H,08017,2011,9.78,8017.0
248339,H,08017,2011,11.1,8022.0
248425,H,08022,2011,11.87,8034.0
248426,H,08006,2011,11.818,8034.0
248431,D,17320,2011,11.116,17320.0
248456,D,08770,2011,10.98,8770.0
248460,D,08041,2011,10.594000000000001,8022.0
248504,H,08032,2011,10.222000000000001,8031.0
248547,D,08034,2011,11.02,8034.0
248551,H,08022,2011,11.72,8017.0
248562,H,08030,2011,10.06,8008.0
248645,H,08024,2011,10.702,8007.0
248661,H,07240,2011,10.648,
248715,H,08329,2011,10.148,8302.0
248722,H,08110,2011,10.659,
248887,H,08402,2011,10.288,8023.0
248890,D,07013,2011,9.99,
248914,H,08302,2011,9.84,8303.0
248927,H,08029,2011,10.344000000000001,8036.0
248965,H,08034,2011,10.878,8034.0
249058,H,08022,2011,9.78,8017.0
249896,H,08004,2011,9.664,8036.0
249938,H,08402,2011,9.62,8401.0
249953,H,00000,2011,9.665,
250031,H,08620,2011,9.622,8620.0
250039,H,08192,2011,9.712,8173.0
250068,H,08700,2011,9.638,8700.0
250255,H,25600,2011,9.666,25600.0
250259,D,08032,2011,9.658,8041.0
250276,H,08970,2011,9.625,
250343,H,08013,2011,9.662,8036.0
250393,H,08025,2011,9.715,
250437,H,08140,2011,9.658,8181.0
250475,H,08027,2011,10.6,8041.0
250480,H,08025,2011,9.626,8025.0
250540,H,08338,2011,9.654,8301.0
250576,H,08023,2011,9.71,8034.0
250608,D,08035,2011,9.642000000000001,8035.0
250745,H,08034,2011,10.24,8017.0
250824,D,17300,2011,10.01,17003.0
250977,H,08830,2011,10.388,8830.0
250998,H,08203,2011,10.548,8204.0
251070,H,08029,2011,10.804,8017.0
252402,H,08840,2011,9.568,8850.0
252403,H,08035,2011,9.606,8034.0
252404,H,08022,2010,9.592,8022.0
252419,H,08034,2011,9.58,8034.0
252420,H,08530,2011,9.606,8400.0
252422,H,08027,2011,9.6,8027.0
252424,H,43001,2011,9.556000000000001,43003.0
252429,H,08011,2011,9.556000000000001,8006.0
252430,H,17534,2011,9.582,17500.0
254421,H,08500,2011,9.524,8500.0
254670,H,08029,2011,9.498,8034.0
254783,H,08021,2011,9.478,8173.0
254784,H,08905,2010,9.412,8906.0
258115,H,08907,2012,10.345999999999998,8907.0
258145,H,08340,2012,13.082,8340.0
258154,H,08018,2012,11.895999999999999,8014.0
258159,H,08021,2012,12.014000000000001,8173.0
258162,H,08016,2012,11.684000000000001,8016.0
258169,H,22572,2012,11.332,25008.0
258173,H,08380,2012,10.876,8380.0
258174,D,08589,2012,11.05,8500.0
258205,D,08251,2012,10.796,8242.0
258208,H,08242,2012,10.495999999999999,8243.0
258214,H,08690,2012,12.52,8830.0
258222,H,08028,2012,10.838,
258233,D,08173,2012,12.548,8173.0
258256,H,08206,2012,11.31,8202.0
258260,H,08339,2012,11.075999999999999,8339.0
258272,H,08006,2012,11.888,8034.0
258275,H,08757,2012,11.884,8950.0
258290,H,08028,2012,10.825999999999999,8034.0
258295,H,22430,2012,10.949000000000002,
258301,H,08008,2012,12.594000000000001,8017.0
258314,D,43420,2012,11.254000000000001,8719.0
258315,H,08022,2012,11.85,8022.0
258318,H,08750,2012,10.812000000000001,8750.0
258320,H,08018,2012,10.546,8010.0
258323,D,08034,2012,11.84,8017.0
258366,H,08029,2012,11.686,8017.0
258377,H,08700,2012,11.472000000000001,8700.0
258408,D,08980,2012,11.372,8980.0
258413,D,08195,2012,12.338,8021.0
258424,D,08028,2012,10.69,8017.0
258438,H,25400,2012,11.33,25400.0
258474,D,08870,2012,11.18,8770.0
258489,D,08912,2012,11.702,8912.0
258490,H,25310,2012,12.5,25310.0
258501,H,08022,2012,11.72,
258507,D,99999,2012,10.67,
258563,D,08370,2012,11.975999999999999,8370.0
258599,H,08924,2012,10.562000000000001,8924.0
258605,H,25199,2012,11.302,25111.0
258610,H,08029,2012,10.668,8029.0
258620,H,08015,2012,12.632,8001.0
258626,D,08022,2012,11.444,8034.0
258627,H,08005,2012,11.152000000000001,8916.0
258642,D,08172,2012,11.584000000000001,8193.0
258665,H,08195,2012,12.526,8195.0
258685,H,25001,2012,10.524000000000001,25002.0
258713,H,08750,2012,10.544,8750.0
258719,H,08921,2012,11.502,8027.0
258729,H,08015,2012,12.306,8007.0
258731,H,08940,2012,11.186,8940.0
258737,H,08860,2012,11.2,8850.0
258741,H,08370,2012,12.936,8370.0
258748,H,08021,2012,10.614,8034.0
258750,H,08029,2012,10.606,8036.0
258754,D,08034,2012,11.24,8017.0
258778,H,43850,2012,12.665999999999999,43205.0
258784,H,08029,2012,10.845999999999998,8034.0
258792,D,08015,2012,11.177999999999999,8017.0
258811,H,08901,2012,10.597999999999999,8907.0
258822,H,08480,2012,11.572000000000001,8530.0
258824,D,08291,2012,11.725999999999999,8291.0
258836,H,08023,2012,10.558,8034.0
258846,H,08458,2012,11.116,8440.0
258865,H,08859,2012,12.54,8850.0
258885,H,08035,2012,10.77,8035.0
258888,D,07820,2012,13.276,8017.0
258902,D,17230,2012,11.918,17230.0
258916,H,08024,2012,11.975999999999999,8024.0
258927,H,07007,2012,11.905999999999999,
258937,D,07703,2012,11.33,
258944,H,07703,2012,10.484000000000002,
258957,H,08870,2012,10.685,
258960,D,08440,2012,10.75,8440.0
258972,H,08041,2012,12.027999999999999,8024.0
258999,D,08022,2012,11.58,8022.0
259000,H,08924,2012,12.818,8924.0
259015,H,08700,2012,11.754000000000001,8700.0
259037,H,08009,2012,10.514000000000001,8010.0
259039,D,08173,2012,11.458,8193.0
259044,H,08700,2012,11.356,8700.0
259062,H,08173,2012,11.354000000000001,8034.0
259078,D,08036,2012,12.255999999999998,8029.0
259082,H,17310,2012,11.462,17310.0
259084,H,08173,2012,10.786,8017.0
259108,D,08023,2012,11.306,8193.0
259116,H,08401,2012,11.21,8440.0
259117,H,08459,2012,11.245999999999999,8440.0
259125,H,08018,2012,11.05,8018.0
259137,H,08017,2012,12.845,
259148,H,08320,2012,11.966,8320.0
259187,D,08192,2012,12.376,8034.0
259188,D,17001,2012,11.725999999999999,17006.0
259189,H,08041,2012,12.514000000000001,8009.0
259196,H,08025,2012,10.876,8025.0
259211,H,08820,2012,10.522,8907.0
259212,H,08028,2012,12.056,8034.0
259217,D,43500,2012,13.192,43500.0
259232,H,08023,2012,11.776,8022.0
259234,H,08912,2012,12.584000000000001,8912.0
259251,H,08006,2012,11.88,8017.0
259261,D,08392,2012,10.74,8392.0
259309,H,08014,2012,10.908,8014.0
259337,H,43005,2012,12.782,43005.0
259341,H,08022,2012,12.584000000000001,8034.0
259342,H,50012,2012,12.135,
259357,H,08196,2012,10.9,8023.0
259366,D,08028,2011,11.382,8014.0
259387,H,08358,2012,11.168,8358.0
259401,H,08640,2012,10.828,8640.0
259405,D,08195,2012,12.718,8034.0
259414,H,08530,2012,11.315999999999999,8530.0
259430,D,08320,2012,11.932,8320.0
259441,D,08006,2012,11.878,8006.0
259442,D,08950,2012,10.46,8034.0
259470,H,08018,2012,11.277999999999999,8009.0
259477,H,08460,2012,11.942,8460.0
259479,D,08034,2012,11.272,8034.0
259480,D,08034,2012,10.892000000000001,8022.0
259485,D,08021,2012,10.884,8017.0
259487,H,08700,2012,10.53,8700.0
259528,H,08021,2012,12.682,8034.0
259541,H,08290,2012,10.722000000000001,8007.0
259554,D,08006,2012,10.825999999999999,8006.0
259585,H,08035,2012,12.162,8034.0
259590,H,17406,2012,12.286,8500.0
259595,H,08029,2012,11.565999999999999,8021.0
259597,H,43201,2012,11.277999999999999,43120.0
259602,H,08022,2012,10.87,8021.0
259607,H,08940,2012,12.142000000000001,8017.0
259638,H,08005,2012,10.842,8005.0
259652,H,08490,2012,11.597999999999999,8380.0
259671,H,08640,2012,11.386,8640.0
259698,H,08591,2012,11.618,8500.0
259700,D,08034,2012,11.784,8029.0
259702,D,08014,2012,11.366,8029.0
259723,H,08029,2012,11.824000000000002,8021.0
259738,D,08172,2011,11.186,8034.0
259744,H,08810,2011,10.466,8870.0
259761,H,07720,2012,11.745999999999999,
259789,D,08014,2012,12.378,8021.0
259794,D,08006,2012,12.65,8021.0
259826,H,08015,2012,10.515999999999998,8036.0
259848,H,08394,2012,10.734000000000002,8301.0
259851,H,08034,2012,12.046,8034.0
259855,H,25173,2012,12.062000000000001,25110.0
259874,H,08329,2012,11.39,8390.0
259877,H,08035,2012,11.557,
259886,H,07014,2012,12.508,
259894,D,08027,2011,12.502,8031.0
259899,H,08022,2012,10.49,8173.0
259904,H,08500,2010,11.342,8500.0
259914,D,08011,2012,11.517999999999999,8029.0
259916,H,08028,2012,12.14,8023.0
259924,H,08530,2012,11.532,8530.0
259933,D,08183,2012,10.612,8180.0
259951,H,08540,2012,10.758,8540.0
259963,H,08013,2012,10.696,8009.0
259981,H,08172,2012,12.106,8173.0
259986,H,08182,2012,11.892000000000001,8140.0
259997,H,08031,2012,10.526,8902.0
259998,D,08006,2012,11.338,8034.0
260006,H,08025,2012,10.825999999999999,8025.0
260016,H,08720,2012,10.714,8720.0
260026,D,08195,2013,11.308,8017.0
260033,H,08320,2012,11.298,8320.0
260038,H,08570,2012,10.908,8500.0
260040,D,08392,2012,10.78,8392.0
260056,H,43007,2012,12.86,43003.0
260071,D,07190,2012,10.802,
260087,H,08025,2012,10.882,8009.0
260095,D,08034,2012,10.78,8023.0
260096,H,08017,2012,11.922,8017.0
260099,D,08173,2012,12.824000000000002,8034.0
260127,H,08770,2012,11.444,8770.0
260153,H,25300,2012,11.234000000000002,25300.0
260158,H,08031,2012,11.56,8031.0
260159,H,08037,2012,11.894,8009.0
260173,H,08330,2012,11.194,8302.0
260178,H,08195,2012,12.1,8197.0
260192,H,08014,2012,11.954,8034.0
260193,H,08034,2012,11.024000000000001,8034.0
260194,H,08173,2012,10.878,8021.0
260196,D,08006,2012,11.422,8021.0
260200,H,08820,2012,10.98,8023.0
260236,H,43002,2012,11.044,43002.0
260248,D,08392,2012,12.218,8392.0
260253,H,08480,2012,11.17,8480.0
260256,H,43202,2012,10.824000000000002,43205.0
260264,H,08173,2012,10.655999999999999,8034.0
260265,D,08020,2012,11.187999999999999,
260267,D,08009,2012,10.502,8017.0
260269,H,07400,2012,11.265999999999998,
260299,D,08290,2011,12.164000000000001,8013.0
260330,D,08860,2012,10.552,8017.0
260334,H,08032,2012,11.048,8012.0
260363,H,08440,2012,11.384,8440.0
260378,H,08041,2012,11.719000000000001,
260382,H,43740,2012,10.624,43740.0
260384,H,07560,2012,11.386,
260402,H,08012,2012,12.418,8006.0
260421,H,08022,2012,11.652000000000001,8017.0
260424,H,08197,2012,12.048,8173.0
260427,H,08720,2012,10.687999999999999,8720.0
260444,H,25280,2012,12.034,25280.0
260455,H,08191,2012,11.554,8191.0
260460,H,08860,2012,10.937999999999999,8850.0
260462,H,08440,2012,10.765999999999998,8530.0
260465,H,08021,2012,12.796,8017.0
260466,H,08023,2012,10.86,8035.0
260479,H,08392,2012,11.21,8302.0
260496,H,08820,2012,11.614,8034.0
260501,D,08006,2012,12.28,8034.0
260528,H,08017,2012,11.728,8021.0
260533,D,08027,2012,12.248,8031.0
260539,D,08022,2012,13.072000000000001,8034.0
260541,H,08840,2012,12.628,8840.0
260548,H,08310,2012,12.214,8302.0
260549,H,17300,2012,12.45,17300.0
260550,H,08302,2012,12.624,8302.0
260569,H,08700,2012,11.677999999999999,8719.0
260592,H,08750,2012,10.75,8750.0
260600,H,17820,2012,11.31,17820.0
260656,H,08036,2012,11.23,8036.0
260660,H,08906,2012,10.69,8950.0
260661,H,25006,2012,12.168,25002.0
260663,H,08870,2012,10.932,8870.0
260664,H,08195,2012,10.502,8017.0
260666,H,17800,2012,12.225999999999999,17800.0
260673,H,08391,2012,11.282,8390.0
260689,H,17820,2012,11.264000000000001,17820.0
260697,H,08870,2012,11.402000000000001,8870.0
260698,H,08185,2012,11.405999999999999,8181.0
260699,H,08401,2012,10.802,8401.0
260700,H,08310,2012,11.258,8301.0
260710,H,08029,2012,12.124,8029.0
260721,H,17820,2012,12.532,17820.0
260731,H,17480,2012,11.302,17480.0
260755,D,08755,2012,11.01,8755.0
260767,H,17527,2012,11.03,17520.0
260770,H,08026,2012,10.712,8026.0
260804,H,08017,2012,11.734000000000002,8017.0
260807,H,25006,2012,11.74,25193.0
260836,H,08022,2012,12.54,8034.0
260861,H,08960,2012,11.366,8022.0
260864,H,08192,2012,11.294,8172.0
260893,H,08700,2012,10.668,8700.0
260930,H,08037,2012,11.542,8021.0
260932,H,43004,2012,12.4,43002.0
260950,H,08100,2012,10.876,8100.0
260971,H,43005,2012,11.564,43007.0
260988,H,08027,2012,12.4,8027.0
261004,H,08197,2012,10.94,8174.0
261010,H,08017,2012,10.82,8017.0
261014,H,08030,2012,12.212,8030.0
261015,H,08019,2012,11.36,8027.0
261045,H,08017,2012,10.565999999999999,8017.0
261058,H,08980,2012,11.48,8980.0
261078,H,08950,2012,11.042,8950.0
261080,D,17310,2012,11.19,17310.0
261082,H,07006,2012,10.474,
261088,D,43791,2012,11.468,43750.0
261092,H,08017,2012,12.171,
261106,H,08394,2012,11.89,8302.0
261112,H,08173,2012,11.46,8017.0
261141,H,08301,2012,11.562000000000001,8302.0
261146,H,08635,2012,11.554,8635.0
261150,D,08221,2012,10.978,8021.0
261151,H,08195,2012,11.578,8021.0
261154,D,08242,2012,11.38,8240.0
261161,H,08980,2012,12.054,8980.0
261166,H,08024,2012,11.898,8024.0
261169,H,08172,2012,13.04,8017.0
261170,H,08023,2012,10.866,8034.0
261175,D,08028,2012,11.744000000000002,8017.0
261206,H,08960,2012,11.475999999999999,8034.0
261214,H,08173,2012,12.614,8172.0
261216,H,07760,2012,11.844000000000001,
261219,H,08029,2012,12.508,8029.0
261228,H,08027,2011,10.698,8027.0
261231,H,43700,2012,12.58,8770.0
261239,H,08030,2012,12.798,8030.0
261259,H,08035,2012,11.946,8035.0
261267,D,08022,2012,11.767999999999999,8022.0
261273,H,08031,2012,10.745999999999999,8032.0
261281,H,08023,2012,11.56,8902.0
261287,H,08500,2012,10.995999999999999,8500.0
261301,H,43002,2012,11.354000000000001,43003.0
261327,H,08027,2012,10.538,8027.0
261332,H,08014,2012,11.488,8014.0
261337,H,43392,2012,12.05,43206.0
261345,H,08398,2012,12.376,8370.0
261353,H,43007,2012,11.53,43003.0
261367,H,08530,2012,12.142000000000001,8530.0
261381,D,08021,2012,11.448,8006.0
261394,H,08912,2012,11.094000000000001,8912.0
261397,H,08037,2012,12.002,
261401,H,07740,2012,10.636,
261422,H,08022,2012,10.684000000000001,8035.0
261439,H,08021,2012,10.884,8034.0
261442,H,08172,2012,11.338,8172.0
261443,H,08980,2012,10.69,8980.0
261446,D,08014,2012,12.165999999999999,8029.0
261459,D,08021,2012,12.186,8006.0
261467,H,08027,2012,10.622,8031.0
261475,D,25198,2012,11.032,25111.0
261487,H,08750,2012,11.138,8750.0
261499,D,08028,2012,11.698,8902.0
261509,H,08011,2012,11.66,8023.0
261512,D,25530,2012,10.988,25530.0
261523,H,08849,2012,11.34,8840.0
261527,H,08037,2012,11.574000000000002,8001.0
261541,D,08017,2012,10.905999999999999,8034.0
261549,D,08029,2012,11.114,8029.0
261563,H,08015,2012,11.15,8015.0
261575,H,08025,2012,10.544,
261577,H,08014,2012,12.686,8021.0
261591,H,08904,2012,10.978,8950.0
261627,H,08912,2012,10.868,8915.0
261630,H,08902,2012,11.322000000000001,8902.0
261637,H,08006,2012,11.38,8021.0
261645,H,08600,2012,11.904000000000002,8600.0
261690,D,08021,2012,12.288,8006.0
261696,H,08028,2012,12.25,8028.0
261703,H,08028,2012,10.534,8014.0
261708,D,08015,2012,12.92,8023.0
261710,H,22520,2012,11.850999999999999,
261726,H,08860,2012,10.91,8860.0
261729,H,08901,2012,11.415999999999999,8907.0
261734,H,08770,2012,12.686,43206.0
261735,H,08553,2012,12.552,8540.0
261740,H,07004,2012,10.796,
261747,D,08640,2012,11.004000000000001,8640.0
261759,H,25006,2012,10.924000000000001,25003.0
261768,H,08037,2012,10.752,8950.0
261773,H,08034,2012,12.032,8173.0
261774,H,08173,2012,11.488,8172.0
261779,H,08901,2012,10.472000000000001,8901.0
261781,D,08960,2012,10.745999999999999,8950.0
261782,H,17310,2012,11.985999999999999,17310.0
261788,D,08950,2012,11.332,8017.0
261789,H,08025,2012,12.73,8007.0
261795,D,08950,2012,10.542,8950.0
261797,H,43500,2012,11.02,43500.0
261800,D,08017,2012,11.602,8034.0
261841,D,08140,2012,12.13,8140.0
261848,H,08850,2012,11.72,8850.0
261858,H,25110,2012,11.114,25111.0
261860,H,08021,2012,11.864,8173.0
261863,D,08202,2012,11.948,8193.0
261872,H,08460,2012,10.624,8460.0
261879,D,08504,2012,11.696,8500.0
261883,D,08030,2012,11.376,8016.0
261895,H,08035,2012,10.925999999999998,8035.0
261897,H,08017,2012,11.952,8017.0
261903,H,08022,2012,11.182,8034.0
261942,D,08700,2012,12.196,8700.0
261943,H,08034,2012,11.034,8034.0
261950,H,08042,2012,10.755999999999998,8031.0
261961,H,08026,2012,10.484000000000002,8009.0
261974,H,08023,2012,11.798,8006.0
261977,H,08029,2012,11.347999999999999,8034.0
261984,H,08397,2012,10.645999999999999,8397.0
262016,H,07760,2012,11.345999999999998,
262031,D,08017,2012,10.74,8017.0
262049,D,08006,2012,11.014000000000001,8006.0
262056,D,08172,2011,12.2,8017.0
262064,H,08004,2011,13.036,8001.0
262075,H,08030,2012,11.395999999999999,8030.0
262080,H,08340,2012,10.994000000000002,8340.0
262081,H,08005,2012,10.975999999999999,8005.0
262084,H,08980,2012,12.585999999999999,8980.0
262114,D,08017,2012,11.432,8034.0
262287,H,07750,2011,9.28,
262695,H,08769,2012,11.857999999999999,8760.0
262744,D,08302,2012,11.154000000000002,8303.0
262745,H,08320,2012,11.04,8320.0
262794,H,08030,2012,10.954,8016.0
262798,H,08005,2012,11.815999999999999,8005.0
262803,H,08005,2012,11.744000000000002,8005.0
262806,D,43500,2012,11.255999999999998,43500.0
262824,H,25199,2012,10.75,25008.0
262844,H,08023,2012,10.494000000000002,8017.0
262851,H,25124,2012,11.107999999999999,25196.0
262855,H,08904,2012,11.464,8017.0
262874,D,08906,2012,10.536,8905.0
262895,H,17820,2012,12.37,17820.0
262923,H,08035,2012,12.18,8031.0
262945,H,08800,2012,12.796,8800.0
262951,D,08757,2012,11.532,8757.0
262953,H,08173,2012,11.652000000000001,8034.0
263065,H,00000,2012,11.56,
263085,H,43881,2012,10.58,8770.0
263238,H,08005,2012,11.66,8005.0
263243,H,08023,2012,10.51,
263340,H,08902,2012,10.972000000000001,8014.0
263378,H,08290,2012,11.687999999999999,8021.0
263937,H,08190,2012,10.424000000000001,8034.0
264128,D,43740,2012,10.418,43740.0
264150,H,08029,2012,12.138,
264207,H,08034,2012,10.41,8034.0
264334,H,08860,2012,11.08,8860.0
264411,D,08420,2012,10.51,8400.0
264437,D,17003,2012,10.38,17003.0
264455,H,08005,2012,10.452,8010.0
264489,H,08041,2012,11.614,8024.0
264523,H,08023,2012,10.405999999999999,8017.0
264542,H,08904,2012,12.022,8850.0
264581,H,08293,2012,12.126,8700.0
264620,H,25700,2012,10.382,8022.0
264669,H,08206,2012,11.38,8202.0
264712,D,08859,2012,10.404000000000002,8850.0
264725,D,08757,2012,11.607999999999999,8757.0
264793,D,08810,2012,10.456,8870.0
264795,H,08401,2012,10.434000000000001,8400.0
264796,D,43007,2012,10.384,43005.0
264800,H,08027,2012,10.39,8027.0
264805,H,08940,2012,10.774000000000001,8017.0
264917,H,08034,2012,11.993,
264976,H,07010,2012,10.398,
264979,H,08018,2014,10.434000000000001,
264997,H,16200,2012,11.468,
265010,H,08005,2012,11.536,8005.0
265060,H,08340,2012,10.384,8302.0
265072,H,08034,2012,10.38,8017.0
265086,H,07004,2012,11.235999999999999,
265098,D,08017,2012,12.055,
265134,D,25286,2012,10.73,8600.0
265152,H,08553,2012,10.434000000000001,8500.0
265159,H,43850,2012,10.45,43850.0
265174,H,08180,2012,11.51,8180.0
265194,D,08901,2012,11.602,8901.0
265302,H,08755,2012,11.288,8755.0
269763,D,08021,2011,9.736,
269770,H,08830,2010,11.458,8830.0
273880,H,08711,2013,9.514,8700.0
273890,H,08173,2013,9.808,8034.0
273905,D,08028,2013,13.424000000000001,8021.0
273909,H,08022,2012,10.468,8035.0
273938,D,08205,2013,12.347999999999999,8193.0
273958,H,25006,2013,12.186,25003.0
273964,D,08010,2013,12.325999999999999,8034.0
273970,H,08796,2013,10.466,8770.0
273998,H,17494,2012,12.097999999999999,17480.0
274017,D,08034,2013,13.432,8034.0
274061,H,08150,2013,10.946,8100.0
274066,H,08551,2013,10.677999999999999,8500.0
274090,H,08028,2013,11.55,8034.0
274118,H,43892,2013,9.97,43120.0
274124,H,08029,2012,10.588,8036.0
274148,H,07013,2013,11.38,
274159,D,25700,2013,12.308,25700.0
274172,H,08796,2013,12.668,8770.0
274178,H,48100,2013,10.66,
274184,H,08184,2013,10.585999999999999,8140.0
274187,H,08034,2013,10.475999999999999,8034.0
274191,H,08918,2012,10.21,8918.0
274206,D,08173,2013,12.915999999999999,8174.0
274239,H,43007,2013,11.02,43007.0
274252,H,08017,2013,12.395999999999999,8173.0
274258,H,08030,2013,11.755999999999998,8016.0
274260,H,08021,2013,12.484000000000002,8173.0
274275,D,43205,2013,10.484000000000002,43205.0
274282,H,08021,2012,10.068,8017.0
274298,H,08037,2013,12.578,8023.0
274308,D,08021,2013,11.66,8021.0
274317,H,08006,2013,11.748,8173.0
274325,H,08028,2013,11.418,8028.0
274335,H,08980,2013,10.404000000000002,8980.0
274355,D,08013,2013,12.594000000000001,8032.0
274358,H,08034,2013,10.437999999999999,8034.0
274368,H,08022,2013,11.644,8021.0
274380,H,08600,2013,11.09,8600.0
274401,H,08917,2013,10.554,8911.0
274402,H,08036,2012,9.968,8006.0
274407,H,08921,2013,12.776,8911.0
274414,H,08720,2013,12.544,8770.0
274442,H,08022,2013,11.267999999999999,8022.0
274485,H,08320,2013,12.094000000000001,8302.0
274511,H,08640,2013,12.99,8640.0
274512,H,08173,2013,10.368,8021.0
274513,H,08198,2013,10.206,8021.0
274519,D,08700,2013,12.06,8719.0
274520,D,08030,2013,11.51,8016.0
274538,H,08030,2013,10.315999999999999,8030.0
274548,H,08023,2013,11.975999999999999,8034.0
274555,D,08006,2013,10.888,8021.0
274570,H,08020,2013,11.604000000000001,8027.0
274589,H,07002,2012,9.336,
274594,H,08922,2013,13.232000000000001,8911.0
274597,H,08739,2013,11.777999999999999,8770.0
274602,H,08330,2013,12.368,8302.0
274605,H,08902,2013,10.338,8017.0
274611,D,08025,2013,11.347999999999999,8032.0
274623,H,08130,2013,11.4,8100.0
274626,H,08017,2013,11.798,8173.0
274634,H,08202,2013,12.904000000000002,8201.0
274643,H,08021,2013,12.304,8034.0
274649,H,08185,2013,10.645999999999999,8100.0
274665,H,08023,2013,11.488,8034.0
274698,H,43813,2013,12.177999999999999,43800.0
274700,H,17834,2013,13.425999999999998,17458.0
274712,H,08770,2013,11.925999999999998,8770.0
274715,H,08028,2012,10.074,8028.0
274716,H,08021,2013,11.28,8034.0
274753,H,08500,2013,12.014000000000001,
274762,H,08022,2013,10.597999999999999,8017.0
274764,H,08021,2013,11.29,8034.0
274770,D,08012,2013,12.19,
274778,D,07004,2013,10.765999999999998,
274779,H,07010,2013,11.04,
274783,H,08329,2013,11.342,8328.0
274785,H,08840,2014,10.73,
274802,H,07570,2013,12.814,
274810,D,07670,2013,12.002,
274825,H,08020,2013,10.22,8027.0
274852,H,43201,2013,13.32,43120.0
274855,H,08901,2013,11.267999999999999,8901.0
274894,H,08172,2013,11.687999999999999,8034.0
274904,H,43007,2013,12.437999999999999,43003.0
274906,H,08790,2013,11.032,8022.0
274930,D,08021,2013,11.13,
274953,D,07004,2013,10.124,
274958,H,08015,2013,10.752,8034.0
274965,H,43870,2013,12.07,43870.0
274976,H,08870,2013,10.488,8850.0
274985,H,08130,2013,10.548,8130.0
275001,H,08860,2013,11.468,8027.0
275008,H,08901,2013,10.968,8901.0
275012,H,08025,2013,13.386,8034.0
275023,H,08032,2012,11.59,8034.0
275027,H,08401,2013,12.765999999999998,8401.0
275032,D,08197,2013,10.446,8006.0
275054,H,08023,2013,11.245999999999999,8034.0
275060,H,08011,2013,10.424000000000001,8034.0
275067,H,08017,2013,11.374,8173.0
275080,D,08012,2013,11.686,8034.0
275082,H,08034,2013,11.554,8034.0
275097,H,08193,2013,11.088,8034.0
275107,D,08700,2013,12.944,8700.0
275117,D,08005,2013,12.036,8023.0
275153,D,08029,2013,11.106,8029.0
275156,H,43002,2013,13.017999999999999,43002.0
275174,D,08172,2013,12.77,8017.0
275195,D,08015,2012,10.772,8015.0
275202,H,25222,2013,11.415999999999999,25230.0
275206,H,25790,2013,11.946,25280.0
275208,H,07011,2013,9.936,
275219,D,08302,2013,10.774000000000001,8301.0
275225,H,08970,2013,11.505999999999998,8017.0
275236,H,08770,2013,11.712,8770.0
275244,H,08026,2013,10.44,8010.0
275258,H,12004,2013,11.62,
275267,H,43716,2013,13.092,43700.0
275270,H,08028,2013,10.995999999999999,8017.0
275286,H,08340,2013,12.114,8340.0
275297,H,08038,2013,10.17,8004.0
275304,H,08015,2013,11.915999999999999,8029.0
275319,H,08198,2013,13.042,8021.0
275345,H,08328,2013,10.75,8328.0
275347,H,07800,2013,10.224,
275350,H,08005,2013,12.812000000000001,8005.0
275367,H,17744,2013,10.654000000000002,17458.0
275368,H,08029,2013,10.634,8029.0
275374,H,08940,2015,10.058,8940.0
275382,H,43530,2013,10.364,43530.0
275391,H,08024,2013,10.934000000000001,8035.0
275397,H,46780,2013,11.18,
275411,D,08022,2013,11.408,8193.0
275412,H,08034,2013,12.014000000000001,8034.0
275466,H,08230,2013,12.864,8230.0
275472,H,08904,2013,11.714,8014.0
275486,H,43878,2013,11.272,43570.0
275498,H,25280,2013,12.017999999999999,8930.0
275509,D,08029,2013,13.315999999999999,8022.0
275519,H,08041,2013,12.644,8031.0
275525,H,08970,2013,11.462,8034.0
275575,H,08041,2013,10.492,8041.0
275597,H,43890,2013,12.005999999999998,43890.0
275603,H,08015,2013,11.584000000000001,8014.0
275604,D,17800,2013,10.118,17800.0
275616,H,17600,2013,10.728,17600.0
275624,H,08008,2013,11.264000000000001,8009.0
275627,H,08029,2012,11.08,17257.0
275640,H,25300,2013,11.28,8006.0
275652,H,08640,2013,9.962,8640.0
275659,H,08026,2013,11.712,8009.0
275674,H,08902,2013,10.347999999999999,8902.0
275676,H,08025,2013,10.113999999999999,8009.0
275679,H,08100,2011,10.166,8100.0
275689,H,08500,2013,10.097999999999999,8500.0
275698,H,08017,2013,11.59,8035.0
275726,D,08021,2013,11.338,8034.0
275735,D,08022,2013,11.335999999999999,8034.0
275739,H,43001,2013,12.104000000000001,43005.0
275748,H,08022,2013,10.26,8017.0
275778,H,08028,2013,10.95,8014.0
275884,D,08348,2013,10.254000000000001,8301.0
275904,H,08017,2013,10.0,8017.0
275937,H,08005,2015,10.352,8005.0
275943,H,08242,2013,11.412,8243.0
275945,H,08037,2013,11.325999999999999,8009.0
275958,H,08029,2013,10.98,8017.0
275968,H,08430,2013,10.542,8400.0
275974,H,08017,2013,12.698,8173.0
275979,H,08206,2013,9.994,8206.0
276020,H,08980,2013,10.17,8980.0
276021,H,08022,2013,10.8,8017.0
276026,D,08006,2013,10.6,8022.0
276033,H,08860,2013,10.664000000000001,8860.0
276039,H,07820,2013,11.284,8022.0
276085,H,08330,2013,10.362,8302.0
276102,D,08022,2013,11.602,8022.0
276117,H,08030,2013,12.196,8030.0
276128,H,17401,2013,10.962,17401.0
276139,H,08017,2013,11.46,8017.0
276146,H,08500,2013,12.85,8500.0
276164,H,08022,2013,10.97,8017.0
276166,H,43500,2013,10.966,43500.0
276167,H,08019,2013,11.595999999999998,8009.0
276179,H,08906,2014,10.522,8901.0
276184,H,08950,2013,10.7,
276198,H,08006,2013,11.88,8006.0
276205,H,07004,2013,12.345999999999998,
276229,H,22500,2013,10.342,25110.0
276239,H,25002,2013,11.276,25111.0
276244,H,08021,2013,11.382,8006.0
276248,H,35017,2013,9.972999999999999,
276260,H,08870,2013,12.45,
276266,H,08798,2013,9.958,8720.0
276290,H,07181,2013,10.437999999999999,
276292,H,08011,2013,10.62,8010.0
276304,H,08403,2013,9.93,8401.0
276317,H,08320,2013,13.368,8302.0
276330,H,08017,2013,10.7,8017.0
276343,H,07820,2015,10.434000000000001,
276359,H,99999,2013,10.48,
276382,D,08023,2013,10.754000000000001,8022.0
276392,H,08026,2013,11.522,8009.0
276397,H,08640,2013,11.212,8640.0
276400,H,08173,2013,10.925999999999998,8034.0
276407,H,08690,2013,11.614,8830.0
276418,H,08031,2013,9.976,8034.0
276425,H,08041,2013,11.174000000000001,8031.0
276442,H,08023,2013,11.92,8017.0
276462,H,17230,2013,12.58,17230.0
276472,D,07003,2013,13.314,
276475,D,08030,2013,10.73,8030.0
276491,H,17002,2013,11.116,17005.0
276511,D,08028,2013,12.542,8022.0
276524,H,08185,2013,10.96,8186.0
276529,D,38201,2013,10.683,
276547,D,08021,2013,12.742,8034.0
276554,H,08017,2013,11.456,8017.0
276584,H,08302,2013,9.988,8304.0
276607,D,25700,2013,11.095999999999998,25700.0
276613,D,08790,2013,12.952,8004.0
276620,H,43850,2013,11.245999999999999,43840.0
276633,H,08023,2013,12.264000000000001,8006.0
276641,H,08330,2013,11.357999999999999,8330.0
276642,H,08025,2013,11.005999999999998,8036.0
276673,H,08027,2013,10.054,8030.0
276674,H,08031,2013,10.054,8031.0
276687,H,17242,2013,10.992,17244.0
276697,H,08750,2013,11.084000000000001,8950.0
276710,H,08800,2013,10.492,8800.0
276713,D,08503,2013,11.374,8500.0
276729,D,08011,2013,12.44,8034.0
276736,H,08800,2013,11.686,8800.0
276738,H,17800,2013,11.77,17800.0
276755,H,08012,2013,10.15,8024.0
276756,D,08022,2013,11.982000000000001,8022.0
276760,H,08516,2013,12.802,8513.0
276768,H,08916,2013,11.015999999999998,8912.0
276769,H,08027,2011,10.798,8026.0
276781,D,25199,2013,9.978,25111.0
276787,H,08980,2013,11.92,8980.0
276814,H,08242,2013,10.94,8241.0
276821,D,43890,2013,11.228,43890.0
276847,H,43001,2013,12.98,43007.0
276848,H,08970,2013,12.228,8980.0
276857,H,08010,2013,11.668,8007.0
276867,H,08009,2013,10.504000000000001,8035.0
276889,H,08034,2013,12.218,8034.0
276898,H,07003,2013,10.854000000000001,
276910,D,08293,2013,11.9,8034.0
276921,D,08904,2013,10.595999999999998,8907.0
276930,H,43800,2013,11.806,43800.0
276945,D,08005,2013,11.38,8010.0
276949,H,08025,2013,11.345999999999998,8009.0
276951,H,25003,2013,11.022,25002.0
276968,H,17002,2013,12.552,17002.0
276976,H,43881,2013,10.536,43820.0
276983,H,08770,2012,11.32,8770.0
276984,H,25560,2013,12.005999999999998,25560.0
276991,D,43892,2013,11.412,43890.0
276993,H,08023,2013,12.005999999999998,8035.0
276999,H,43201,2013,10.44,43120.0
277000,D,08017,2013,10.744000000000002,8034.0
277001,H,08172,2013,10.677999999999999,8017.0
277019,H,08912,2013,12.982000000000001,8912.0
277021,H,43870,2013,11.198,43870.0
277029,H,08006,2013,10.475999999999999,8012.0
277047,H,08635,2013,11.41,8635.0
277051,H,08560,2013,9.946,8560.0
277061,H,08038,2013,11.0,8009.0
277065,D,43781,2013,10.234,43780.0
277075,H,08005,2013,11.104000000000001,8005.0
277084,D,43500,2013,11.89,43500.0
277091,D,08009,2013,11.5,8010.0
277097,H,08029,2013,11.18,8017.0
277111,H,08034,2013,11.186,8017.0
277112,D,08022,2013,13.136,8022.0
277140,H,43897,2013,10.692,43500.0
277146,H,08017,2013,10.607999999999999,8034.0
277149,H,08034,2013,11.118,8034.0
277163,H,08017,2013,11.975999999999999,8022.0
277177,H,17600,2013,12.186,17600.0
277238,H,17230,2013,11.19,17230.0
277247,H,08006,2013,10.357999999999999,8022.0
277288,H,43203,2013,11.856,43206.0
277311,H,08034,2013,10.882,8034.0
277315,H,08402,2013,10.062000000000001,8520.0
277334,H,08023,2013,11.794,8006.0
277339,H,08290,2013,11.585999999999999,8290.0
277345,D,07181,2013,10.825999999999999,
277373,H,25007,2013,12.894,25008.0
277375,H,08029,2013,13.427999999999999,8034.0
277404,H,08034,2013,11.74,8034.0
277409,D,08172,2013,11.475999999999999,8034.0
277422,H,08242,2013,11.582,8241.0
277465,H,08017,2013,11.13,8017.0
277466,H,08020,2013,10.745999999999999,8027.0
277484,H,08025,2013,12.036,8009.0
277488,D,08301,2013,10.78,8010.0
277493,H,08022,2013,11.788,8034.0
277507,H,08800,2013,12.126,8800.0
277510,D,08006,2013,10.984000000000002,8034.0
277512,H,25740,2013,10.27,25740.0
277518,H,43870,2013,11.565999999999999,43870.0
277531,H,08017,2013,11.02,8017.0
277547,H,08025,2013,12.27,8025.0
277551,H,08328,2013,12.042,8328.0
277587,D,43840,2013,10.616,43840.0
277597,H,25200,2013,11.918,25200.0
277614,H,43001,2013,12.67,43007.0
277628,H,08912,2013,11.056,8912.0
277630,H,08540,2013,11.344000000000001,8540.0
277658,D,08028,2013,10.686,8034.0
277667,D,08480,2011,11.132,8480.0
277672,H,08029,2013,10.82,8017.0
277688,H,08014,2013,10.13,8028.0
277691,D,08025,2013,12.315999999999999,8006.0
277700,H,08014,2013,10.448,8014.0
277707,H,43870,2013,10.86,43870.0
277716,D,08022,2013,10.12,8017.0
277741,D,08370,2013,12.24,8370.0
277744,H,08014,2013,10.454,8015.0
277754,H,08025,2013,10.995999999999999,8025.0
277758,D,08811,2013,10.345999999999998,8800.0
277759,D,43800,2013,10.94,43800.0
277760,H,08034,2013,10.786,8034.0
277768,H,08029,2013,11.015999999999998,8035.0
277783,D,08860,2013,11.725999999999999,8001.0
277824,D,08022,2013,11.594000000000001,8034.0
277825,H,08022,2013,11.442,8022.0
277829,D,08017,2013,13.052,8193.0
277854,D,25300,2013,11.104000000000001,25300.0
277867,H,08011,2014,10.097999999999999,8036.0
277872,H,07014,2013,10.904000000000002,
277875,D,00000,2013,11.314,
277881,H,08020,2013,11.245999999999999,8020.0
277884,H,08450,2013,10.166,8440.0
277893,H,17100,2013,12.238,17100.0
277896,D,08790,2013,11.304,8790.0
277913,H,08450,2013,10.444,8520.0
277915,H,08500,2013,10.482000000000001,8500.0
277934,H,08402,2013,10.944,8520.0
277981,H,08173,2013,11.058,8034.0
277993,H,25730,2013,11.088,25730.0
277998,H,08005,2013,10.585999999999999,8034.0
278002,H,08205,2013,10.325999999999999,8034.0
278003,H,17600,2013,12.992,17600.0
278004,D,08017,2013,11.314,8035.0
278030,D,08004,2013,9.976,8014.0
278050,H,08021,2013,13.01,
278052,D,43005,2013,10.604000000000001,43005.0
278056,H,08770,2013,11.45,8770.0
278072,H,08924,2012,11.672,8924.0
278080,H,17742,2013,12.1,17600.0
278094,H,22487,2013,11.325999999999999,25520.0
278104,H,08030,2013,11.208,8030.0
278108,D,08032,2013,12.062000000000001,8032.0
278121,H,08290,2013,10.662,8172.0
278138,H,08019,2013,9.93,8007.0
278148,H,08186,2013,11.59,8186.0
278165,D,08021,2013,11.218,8017.0
278169,H,08022,2013,10.755999999999998,8017.0
278190,H,43203,2013,12.264000000000001,43206.0
278194,H,08174,2013,11.69,8173.0
278206,D,08041,2013,10.89,8024.0
278209,H,08028,2013,9.942,8034.0
278214,H,08756,2013,11.558,8757.0
278234,D,08017,2013,11.636,8022.0
278251,D,08029,2013,12.642000000000001,8036.0
278254,H,08012,2013,11.18,8010.0
278256,H,08034,2013,10.644,8034.0
278260,H,08022,2013,12.398,8022.0
278268,H,08013,2013,10.2,8010.0
278275,H,08022,2013,10.645999999999999,8022.0
278286,H,08402,2013,10.71,8401.0
278287,H,08017,2013,12.946,8017.0
278296,H,08022,2013,11.548,8022.0
278305,H,08022,2013,11.762,8022.0
278961,H,08830,2013,10.764000000000001,8830.0
278971,H,08330,2013,11.126,8330.0
278974,H,08440,2013,10.802,8440.0
278975,H,08800,2013,10.718,8800.0
279025,H,08401,2013,11.972000000000001,8440.0
279040,H,08006,2013,10.104,8034.0
279047,H,08914,2013,11.834000000000001,8911.0
279067,H,08320,2013,10.925999999999998,8320.0
279203,H,08758,2013,9.996,8034.0
279206,H,08970,2013,11.022,8034.0
279210,H,08173,2013,10.03,
279236,H,08950,2013,12.134,8034.0
279255,H,00000,2013,11.0,
279268,H,08034,2013,10.39,
279337,H,08759,2013,9.978,8759.0
279357,H,43430,2013,10.878,43400.0
279397,D,43746,2013,10.552,43740.0
279500,H,08912,2013,10.378,8912.0
279502,H,07817,2013,10.698,
280125,H,08017,2013,10.618,8022.0
280197,D,08191,2013,9.87,8193.0
280198,H,34800,2013,9.916,
280213,D,25005,2013,11.706,25005.0
280215,H,08027,2013,11.985999999999999,8030.0
280216,H,07210,2013,10.52,
280241,D,08008,2013,10.475999999999999,8034.0
280242,D,08035,2013,9.862,8021.0
280244,H,08860,2013,9.926,8870.0
280245,H,08021,2013,9.852,8034.0
280248,H,08028,2013,9.866,8034.0
281289,H,08017,2013,9.783999999999999,8017.0
281291,H,08028,2013,9.758,17430.0
281293,H,08028,2013,9.724,8034.0
281294,D,25300,2013,9.794,25300.0
281603,H,08500,2013,10.118,8500.0
288957,D,08340,2014,11.294,8390.0
288958,H,07012,2014,10.794,
288959,H,08034,2014,12.62,
288961,H,17003,2014,12.47,17003.0
288962,H,08035,2014,10.612,8034.0
288963,H,08519,2014,10.374,8500.0
288964,H,08041,2014,10.502,8032.0
288965,H,08024,2014,10.542,8034.0
288966,H,08195,2014,10.992,8017.0
288967,H,08009,2014,11.648,8010.0
288969,H,25110,2014,12.276,25002.0
288970,H,25006,2014,10.675999999999998,25003.0
288971,H,08980,2014,10.234,8034.0
288972,H,08024,2014,10.468,8025.0
288973,H,08186,2014,9.538,8110.0
288974,H,08028,2014,10.11,
288975,H,17003,2014,9.526,17004.0
288976,H,08173,2014,11.744000000000002,8034.0
288977,H,08023,2014,11.262,8022.0
288978,H,08028,2014,13.21,8014.0
288979,H,08859,2014,10.386,8850.0
288981,D,17130,2014,9.716000000000001,17257.0
288982,H,08017,2014,12.712,8173.0
288983,H,08017,2014,9.882,8174.0
288984,D,08192,2014,11.4,8193.0
288985,H,08015,2014,11.182,8015.0
288986,D,08017,2014,10.995999999999999,8022.0
288987,H,43007,2014,11.777999999999999,43007.0
288989,D,08023,2014,9.516,8006.0
288991,H,25002,2014,11.7,25002.0
288992,H,08397,2014,9.894,8397.0
288993,H,08013,2014,10.784,8010.0
288994,H,17200,2014,12.54,17230.0
288996,H,43007,2014,12.075999999999999,43007.0
288998,H,08980,2014,9.762,8980.0
288999,H,08030,2014,10.245999999999999,8030.0
289000,H,07800,2014,10.712,
289002,H,08006,2014,10.136000000000001,8006.0
289003,H,43001,2014,11.23,43120.0
289004,D,08022,2014,9.936,8022.0
289006,H,08037,2014,11.58,8025.0
289007,D,08006,2014,10.48,8022.0
289008,H,08022,2014,12.352,8017.0
289009,H,08013,2014,11.255999999999998,8009.0
289010,H,08022,2014,9.886000000000001,8034.0
289011,H,08023,2014,10.79,8006.0
289012,H,08290,2014,11.145999999999999,8193.0
289013,H,08917,2014,10.904000000000002,8912.0
289015,D,07011,2014,10.097999999999999,
289017,D,08970,2014,10.11,8950.0
289019,H,25716,2014,11.064,8695.0
289020,H,08006,2014,11.74,8017.0
289021,H,08303,2014,10.564,8303.0
289022,H,07190,2014,11.954,
289023,H,08915,2014,10.332,8911.0
289024,H,08401,2014,13.155999999999999,8520.0
289025,H,08023,2012,9.142000000000001,8022.0
289026,D,08017,2014,12.14,8034.0
289027,H,17480,2014,10.87,17480.0
289028,H,08183,2014,11.788,8036.0
289030,H,08012,2014,11.0,8025.0
289031,H,99999,2014,11.35,
289032,H,08720,2014,10.47,8720.0
289034,H,08902,2014,9.594,8902.0
289035,H,08940,2014,12.228,8022.0
289036,H,08014,2014,9.886000000000001,8014.0
289037,H,25620,2014,11.508,25620.0
289038,H,08021,2014,10.968,8034.0
289039,H,08950,2014,10.007,
289040,H,08290,2014,10.515999999999998,8006.0
289041,D,07010,2014,11.636,
289042,H,08906,2014,9.472000000000001,8901.0
289043,D,43201,2014,9.777999999999999,43206.0
289044,H,08029,2014,10.498,8029.0
289046,H,08830,2014,12.446,8830.0
289047,H,08009,2014,10.006,8009.0
289048,D,08960,2014,10.992,8980.0
289049,H,08029,2014,11.425999999999998,8029.0
289050,H,08197,2014,12.895999999999999,8173.0
289051,H,17004,2014,10.51,17002.0
289052,D,08756,2013,10.21,8757.0
289054,H,43007,2014,10.755999999999998,43003.0
289057,H,08901,2014,9.95,8907.0
289058,H,17001,2014,11.53,17003.0
289059,H,17176,2014,9.874,17800.0
289060,H,07141,2014,12.126,
289061,H,12003,2014,10.448,
289062,H,08023,2014,10.386,8034.0
289063,H,08913,2014,10.422,8930.0
289064,H,08010,2014,9.886000000000001,8010.0
289065,H,08830,2014,12.92,8021.0
289066,H,08301,2014,9.912,8301.0
289067,H,08006,2014,11.788,8022.0
289068,H,43500,2014,11.484000000000002,43500.0
289069,H,08359,2014,10.716,8350.0
289070,H,08029,2014,9.748,8017.0
289071,H,08029,2014,10.088,8029.0
289072,H,08006,2014,12.378,8036.0
289074,H,25500,2014,10.504000000000001,8960.0
289075,H,08390,2014,11.155999999999999,8390.0
289076,D,08027,2014,10.436,8030.0
289077,H,08282,2014,10.878,8719.0
289078,D,08017,2014,10.042,8034.0
289080,H,08901,2012,9.38,8950.0
289081,D,08017,2014,10.597999999999999,8022.0
289082,H,07141,2014,10.084,
289083,H,08740,2014,11.42,8740.0
289085,H,08012,2014,10.376,8017.0
289086,H,08320,2014,9.486,8302.0
289087,H,08015,2014,10.924000000000001,8015.0
289088,D,08173,2014,10.796,8022.0
289089,H,08870,2014,9.84,8870.0
289090,H,07820,2014,13.187999999999999,
289091,D,08980,2014,11.606,8980.0
289092,H,08021,2014,10.588,8006.0
289093,H,08820,2014,9.66,8950.0
289094,H,08130,2014,10.356,8100.0
289096,H,08348,2014,9.71,8301.0
289097,H,08328,2014,10.462,8328.0
289098,D,08461,2014,12.258,8440.0
289099,D,08017,2014,11.594000000000001,8022.0
289100,H,08870,2014,11.845999999999998,8870.0
289101,H,25004,2014,12.224,25008.0
289103,D,12310,2014,11.56,
289104,D,20009,2014,11.258,
289105,D,08022,2014,10.915999999999999,8022.0
289106,D,08290,2014,13.062000000000001,8034.0
289107,H,08025,2014,11.235999999999999,8025.0
289108,H,08506,2014,11.758,8500.0
289110,H,08017,2014,11.985999999999999,8017.0
289111,H,08301,2014,11.102,8302.0
289112,H,43002,2014,11.315999999999999,43007.0
289114,D,07800,2014,11.784,
289116,H,07181,2014,10.594000000000001,
289117,D,25240,2014,10.854000000000001,25337.0
289118,H,08015,2014,11.468,8015.0
289119,H,08021,2014,10.204,8017.0
289120,D,25196,2014,11.338,25111.0
289121,D,08017,2014,12.436,8022.0
289122,H,08022,2014,12.027999999999999,8010.0
289123,H,08032,2014,10.964,8022.0
289124,H,08032,2014,9.8,8034.0
289125,D,08017,2014,13.102,8022.0
289126,H,17400,2014,11.722000000000001,17450.0
289127,H,08980,2014,9.904,8980.0
289129,H,08173,2014,9.48,8021.0
289130,H,08970,2014,12.15,
289131,H,08020,2014,11.99,8930.0
289132,H,08173,2014,10.744000000000002,8172.0
289133,H,08830,2014,10.002,8830.0
289134,D,08007,2014,10.822000000000001,8034.0
289135,D,08036,2014,11.352,8036.0
289136,H,08172,2014,12.975999999999999,8173.0
289137,H,08022,2014,11.184000000000001,8017.0
289138,H,08028,2014,12.43,8034.0
289139,D,08017,2014,11.056,8022.0
289140,H,08940,2014,10.296,8906.0
289142,D,08022,2014,11.862,8022.0
289145,H,08173,2014,11.168,8173.0
289146,H,08029,2014,10.218,8021.0
289147,H,08021,2014,11.984000000000002,8021.0
289148,H,08290,2014,12.942,8031.0
289149,H,08401,2014,9.927999999999999,8401.0
289150,H,08024,2014,10.47,8023.0
289151,H,08025,2014,11.774000000000001,8009.0
289152,H,08029,2014,11.934000000000001,8034.0
289153,H,08026,2014,12.328,8022.0
289154,H,08197,2014,10.03,
289155,H,08006,2014,11.686,8034.0
289156,H,08901,2014,10.895999999999999,8907.0
289157,D,08034,2014,11.29,
289159,H,08470,2014,9.828,8470.0
289161,H,22500,2014,9.39,25111.0
289162,H,07004,2014,11.776,
289163,D,08034,2014,11.942,8034.0
289164,D,08009,2014,10.252,8022.0
289166,H,08500,2014,10.352,8500.0
289167,H,08203,2014,13.72,8205.0
289168,H,08034,2014,10.148,8017.0
289169,H,43850,2014,10.548,43850.0
289171,H,08320,2014,11.276,8302.0
289172,D,08243,2014,11.42,8242.0
289174,D,08036,2014,11.042,8036.0
289175,D,08870,2014,12.888,8870.0
289179,H,08034,2014,9.732000000000001,8017.0
289180,H,08017,2014,10.585999999999999,8022.0
289181,D,08023,2014,12.668,8022.0
289182,H,08650,2013,9.048,8650.0
289183,H,08005,2014,10.927999999999999,8010.0
289184,D,17002,2014,11.338,17002.0
289185,H,08349,2014,10.985999999999999,8302.0
289186,H,08915,2014,11.714,8911.0
289187,H,08025,2014,11.036,8032.0
289188,H,08911,2014,12.296,8911.0
289189,H,17500,2014,12.444,17500.0
289190,H,08017,2014,10.284,8017.0
289191,D,01007,2014,11.544,
289192,D,43006,2014,10.404000000000002,43003.0
289194,H,08302,2014,11.79,8303.0
289195,H,12594,2014,10.12,
289196,H,08025,2014,10.024,8025.0
289199,H,08860,2014,12.078,8850.0
289200,H,25140,2014,9.544,25400.0
289201,H,07750,2014,10.872,
289202,H,08391,2014,10.668,8912.0
289203,H,07010,2014,10.966,
289204,H,08173,2014,11.218,8173.0
289205,H,08530,2014,10.825999999999999,8530.0
289206,H,08028,2014,9.492,8034.0
289207,H,08034,2014,11.52,8006.0
289208,D,08830,2014,10.988,8830.0
289209,H,25620,2014,12.122,25620.0
289210,D,07011,2014,12.064,
289211,H,08918,2014,12.732000000000001,8930.0
289212,H,25110,2014,10.498,25111.0
289213,H,08006,2014,9.576,8034.0
289214,H,08901,2014,11.082,8907.0
289215,H,08924,2014,11.758,8911.0
289216,H,08024,2014,12.714,8032.0
289217,D,08188,2014,11.884,8401.0
289218,H,08338,2014,10.764000000000001,8320.0
289219,D,08034,2014,10.384,8017.0
289220,H,08037,2014,13.3,
289221,H,08020,2014,10.106,8027.0
289223,D,08034,2014,10.762,8034.0
289224,H,08029,2014,9.884,8029.0
289225,D,08021,2014,11.946,8022.0
289226,H,08008,2014,10.158,8008.0
289227,H,08013,2014,12.074000000000002,8009.0
289228,H,08960,2014,9.527999999999999,8960.0
289229,H,08022,2014,10.272,8034.0
289230,H,08013,2013,10.517999999999999,8009.0
289231,H,17130,2014,10.798,17458.0
289232,H,08770,2014,11.134,8770.0
289233,D,08172,2014,10.884,8034.0
289234,D,08024,2014,10.402000000000001,8012.0
289237,D,08017,2014,11.276,8022.0
289238,H,08172,2014,9.402000000000001,8173.0
289239,H,08571,2014,12.302,8570.0
289240,D,08028,2014,12.265999999999998,8034.0
289241,H,08023,2014,9.863999999999999,8017.0
289242,H,43420,2014,11.186,8719.0
289243,D,08243,2014,12.334000000000001,8242.0
289244,H,08035,2014,11.474,8035.0
289245,H,08025,2014,10.558,8017.0
289246,H,08290,2014,11.644,8290.0
289247,H,08570,2014,11.374,8570.0
289248,H,43820,2014,9.918,8870.0
289249,H,07350,2014,11.106,
289250,H,08338,2014,10.832,8302.0
289251,D,08173,2014,11.505999999999998,8193.0
289252,H,08034,2014,11.06,8006.0
289253,H,25620,2014,10.164,25620.0
289254,H,08029,2014,11.26,
289255,D,08022,2014,12.274000000000001,8022.0
289256,H,08010,2014,10.738,8010.0
289258,H,17412,2013,12.347999999999999,8034.0
289260,D,17003,2014,10.002,17002.0
289261,H,08970,2014,11.277999999999999,8970.0
289262,H,08022,2014,11.966,8034.0
289264,D,08731,2014,10.73,8720.0
289265,H,08021,2014,12.704,8173.0
289266,H,08173,2014,10.974,8173.0
289267,H,25400,2014,13.005999999999998,25400.0
289268,H,08037,2014,11.075999999999999,8034.0
289269,H,08241,2014,9.612,8240.0
289270,H,08010,2014,12.08,
289274,H,08037,2014,11.744000000000002,8010.0
289275,D,08032,2014,11.462,8022.0
289276,H,08304,2014,12.665999999999999,8301.0
289278,D,08025,2014,11.78,8025.0
289279,D,08680,2014,10.642000000000001,8680.0
289280,H,08021,2014,10.452,8034.0
289281,H,36203,2014,10.934000000000001,
289282,D,08330,2014,9.748,8330.0
289283,H,08172,2014,10.895999999999999,8173.0
289284,D,08023,2014,10.968,8022.0
289285,D,08032,2014,11.422,8017.0
289286,H,08690,2014,12.765999999999998,8034.0
289287,H,17857,2014,10.335999999999999,8035.0
289288,D,08870,2014,11.42,8870.0
289289,D,08014,2014,13.35,8014.0
289290,H,08008,2014,12.31,
289291,H,00000,2014,11.0,
289292,H,08006,2014,11.25,8034.0
289293,H,08029,2014,12.02,8034.0
289295,D,43890,2014,11.35,43110.0
289296,H,08173,2014,9.734,8034.0
289297,H,08173,2014,10.99,8034.0
289298,H,17244,2014,10.65,17244.0
289299,D,08005,2014,11.832,8009.0
289300,D,08034,2014,12.17,8022.0
289301,D,08017,2014,12.286,8034.0
289302,H,08015,2014,11.13,8034.0
289303,H,43001,2014,10.776,43003.0
289304,H,08202,2014,10.392000000000001,8201.0
289305,H,08950,2014,10.054,8034.0
289306,D,08017,2014,11.392000000000001,8017.0
289307,H,07013,2014,12.572000000000001,
289308,H,08017,2014,9.794,8022.0
289309,H,08173,2014,11.02,8034.0
289311,H,08001,2014,12.485999999999999,8001.0
289313,H,08021,2014,10.708,8034.0
289315,H,08173,2014,10.722000000000001,8034.0
289317,D,25004,2014,11.244000000000002,25002.0
289319,H,08023,2014,10.67,8006.0
289320,H,08015,2014,12.07,8006.0
289321,H,08030,2014,10.042,8030.0
289322,H,08010,2014,11.144,8010.0
289323,H,08014,2014,11.524000000000001,8034.0
289324,H,08024,2014,11.372,8024.0
289325,H,08021,2014,11.09,8021.0
289326,H,08021,2014,11.857999999999999,8021.0
289327,H,43206,2014,11.964,43204.0
289328,H,08185,2014,10.485999999999999,8187.0
289329,D,08190,2014,10.772,8193.0
289330,H,08960,2014,10.482999999999999,
289331,H,08029,2014,11.415999999999999,8029.0
289332,H,08034,2014,11.04,8034.0
289333,H,08017,2014,10.008,8017.0
289334,H,08017,2014,11.372,8034.0
289335,H,08173,2014,10.575999999999999,8034.0
289336,H,17800,2014,11.936,17800.0
289337,H,08036,2014,11.806,8036.0
289338,D,08017,2014,10.578,8017.0
289339,D,12330,2014,11.052,
289340,H,08950,2014,9.996,8022.0
289341,H,08902,2014,11.036,8014.0
289342,H,43800,2014,11.28,43800.0
289343,D,08025,2014,12.898,8034.0
289344,H,08026,2014,10.357999999999999,8009.0
289345,H,08173,2014,11.492,8034.0
289346,H,35600,2014,11.914000000000001,
289347,H,08023,2014,10.67,8034.0
289348,H,08911,2014,10.972000000000001,8912.0
289349,D,08023,2014,11.187999999999999,8023.0
289350,H,08770,2014,12.032,8770.0
289351,H,08871,2014,11.072000000000001,8034.0
289352,H,08034,2014,10.38,8034.0
289353,H,43002,2014,10.096,43005.0
289354,H,08036,2014,10.078,8017.0
289355,H,08006,2014,11.054,8022.0
289356,H,08023,2015,10.184,8022.0
289357,H,08016,2014,10.338,8030.0
289358,H,08005,2014,11.68,
289359,D,07005,2014,10.936,
289360,D,08028,2014,11.857999999999999,8028.0
289361,D,08034,2014,11.69,8193.0
289362,H,08023,2014,11.45,8022.0
289363,D,08011,2014,12.026,8034.0
289364,H,08016,2014,11.124,8016.0
289365,H,08021,2014,11.0,17005.0
289366,H,08340,2014,12.982000000000001,8302.0
289367,H,08028,2014,11.988,8034.0
289368,H,08030,2014,9.956,8030.0
289369,H,08015,2014,11.578,8015.0
289370,H,08397,2014,11.06,8397.0
289371,H,08338,2014,10.734000000000002,8338.0
289372,H,12500,2014,9.426,
289374,H,08798,2014,10.366,8770.0
289375,H,08028,2014,10.738,8017.0
289376,H,25006,2014,9.638,25008.0
289377,H,43201,2014,9.862,43206.0
289378,H,43500,2014,12.505999999999998,43500.0
289379,H,17002,2014,10.798,17005.0
289381,D,08202,2014,12.078,8193.0
289382,H,08001,2014,11.594000000000001,8034.0
289383,H,08006,2014,13.286,8006.0
289384,D,08006,2014,9.86,8022.0
289385,H,08027,2014,10.572000000000001,8030.0
289386,H,08022,2014,10.124,8017.0
289387,H,17005,2014,12.872,17006.0
289389,D,08415,2014,9.502,8530.0
289390,H,07013,2014,9.44,
289391,H,08041,2014,9.572000000000001,8034.0
289393,H,08006,2014,10.26,8034.0
289394,H,08202,2014,10.102,8201.0
289395,H,08025,2014,11.05,8025.0
289396,H,08029,2014,9.39,8021.0
289397,D,08197,2014,12.118,8022.0
289398,H,25003,2014,10.394,25002.0
289399,H,08907,2014,11.767999999999999,8907.0
289400,H,08330,2014,9.522,8330.0
289401,H,08022,2014,9.576,8023.0
289402,H,17002,2014,9.75,17005.0
289403,H,08017,2014,12.245999999999999,8022.0
289404,D,08172,2014,12.648,8034.0
289405,H,08021,2012,10.088,8021.0
289407,H,25730,2014,11.384,25730.0
289408,H,08006,2014,11.722000000000001,8021.0
289409,H,08015,2012,10.106,8014.0
289410,H,25005,2014,12.512,25008.0
289411,H,43204,2014,11.89,43205.0
289412,D,08635,2014,10.022,8640.0
289413,H,25008,2014,9.906,25008.0
289414,H,08023,2014,10.556,8034.0
289415,H,08328,2014,10.732000000000001,8010.0
289416,D,08017,2014,10.562000000000001,8017.0
289417,H,08480,2014,10.418,8195.0
289418,D,08013,2014,12.918,8010.0
289419,H,08024,2014,11.142000000000001,8022.0
289420,H,08820,2014,10.864,8820.0
292260,D,08013,2014,12.216,8010.0
292501,H,08011,2014,9.388,8009.0
292901,H,43747,2014,10.324000000000002,43740.0
292904,H,17180,2014,10.254000000000001,17006.0
292905,D,17004,2014,9.524,17004.0
292906,D,08035,2014,10.504000000000001,8034.0
292907,H,08028,2014,12.332,8014.0
292908,H,08021,2014,12.14,
292909,D,08006,2014,12.735999999999999,8034.0
292910,H,07014,2014,12.392000000000001,
292911,H,46780,2014,13.065999999999999,
292912,H,08173,2014,12.645999999999999,8034.0
292913,H,08402,2014,10.97,8400.0
292914,H,08912,2014,9.96,8912.0
292915,D,43202,2014,10.824000000000002,43206.0
292917,H,08173,2014,12.41,
292919,H,30110,2014,13.29,
292921,D,08329,2014,10.436,8320.0
292922,D,08240,2014,11.194,8240.0
292923,H,08173,2014,10.374,8034.0
292925,D,08029,2014,9.54,8036.0
292926,H,08025,2014,12.06,8032.0
292927,D,00000,2014,11.16,
292928,D,08015,2014,13.515999999999998,8021.0
292929,H,08021,2014,12.815999999999999,8173.0
292930,H,43391,2014,9.937999999999999,43850.0
292931,H,08014,2014,10.512,8014.0
292932,H,08350,2014,11.752,8350.0
292933,H,08830,2014,10.092,8830.0
292934,H,08840,2014,10.66,8840.0
292935,H,08014,2014,9.874,8028.0
292936,D,08770,2014,10.638,8770.0
294141,H,08001,2014,11.948,8001.0
294142,H,08191,2014,11.248,8173.0
294143,H,08028,2014,9.59,8034.0
294146,H,17160,2014,10.895999999999999,17160.0
294148,H,08173,2014,10.312000000000001,8034.0
294149,H,08021,2014,11.005999999999998,8173.0
294152,H,08172,2014,12.014000000000001,8173.0
294155,H,08024,2014,10.658,8024.0
294156,H,08019,2014,11.994000000000002,8916.0
294157,H,25003,2014,10.062000000000001,25002.0
294158,H,07005,2014,10.822000000000001,
303959,D,08917,2015,12.38,8911.0
303960,H,08014,2015,12.308,8014.0
303961,H,08480,2015,10.314,8530.0
303962,H,08506,2015,11.225999999999999,8500.0
303963,D,08430,2015,12.526,8430.0
303965,H,08022,2015,10.602,8022.0
303966,H,08035,2015,9.798,8017.0
303967,H,08173,2015,9.624,8173.0
303968,H,25790,2015,9.704,8017.0
303969,H,08907,2015,11.544,8907.0
303970,H,08739,2015,13.42,8770.0
303971,H,08036,2012,9.98,8017.0
303972,D,08022,2015,12.276,8022.0
303973,H,08005,2015,10.634,8010.0
303974,H,08024,2015,10.404000000000002,8017.0
303975,H,08005,2015,12.345999999999998,8010.0
303976,H,08034,2015,11.22,8017.0
303977,H,08028,2015,12.19,8028.0
303978,D,08130,2015,11.74,8130.0
303979,H,08030,2015,10.554,8030.0
303980,H,08021,2015,9.934,8034.0
303982,H,08739,2015,12.042,8770.0
303983,H,08014,2015,10.856,8010.0
303984,H,08940,2015,10.87,8014.0
303985,H,38410,2015,10.309000000000001,
303986,H,08290,2015,9.726,8290.0
303987,H,08013,2015,12.434000000000001,8013.0
303988,H,08035,2015,11.574000000000002,8031.0
303989,H,08024,2015,12.735999999999999,8024.0
303991,H,17002,2015,11.366,17002.0
303992,H,08024,2015,10.542,8023.0
303993,H,43580,2015,9.666,43500.0
303994,H,43007,2015,12.276,43003.0
303995,D,08915,2015,12.838,8902.0
303996,H,08500,2015,9.836,8500.0
303997,H,17800,2015,10.006,17800.0
303998,H,08024,2015,11.600999999999999,
303999,D,08700,2015,11.175999999999998,8700.0
304000,H,08029,2015,11.258,8029.0
304001,H,08172,2015,12.078,8034.0
304002,H,08401,2015,11.562000000000001,8400.0
304003,D,08029,2015,12.664000000000001,8029.0
304005,D,08037,2015,12.264000000000001,8037.0
304006,H,08028,2015,13.335999999999999,8022.0
304007,H,08530,2015,12.684000000000001,8530.0
304008,H,08042,2015,9.792,8030.0
304009,H,08918,2015,10.064,8022.0
304010,H,07014,2015,11.806,
304011,H,08028,2015,11.606,8021.0
304012,H,08203,2015,11.254000000000001,8202.0
304013,D,08029,2015,11.638,8017.0
304014,H,08572,2015,12.937999999999999,8560.0
304015,H,08940,2015,10.212,8940.0
304017,H,43205,2015,10.174,43205.0
304018,H,08340,2015,10.492,8340.0
304019,H,08172,2015,9.857999999999999,8034.0
304020,H,08006,2015,12.742,8022.0
304021,H,08310,2015,11.384,8310.0
304022,D,17003,2015,12.515999999999998,17003.0
304023,D,17005,2015,11.104000000000001,17006.0
304024,H,08017,2015,10.272,8017.0
304026,H,08020,2015,11.81,8009.0
304028,H,08034,2015,11.424000000000001,8034.0
304029,D,08150,2014,10.154,8100.0
304030,H,08840,2015,9.91,8850.0
304031,H,08186,2015,12.472000000000001,8187.0
304032,H,08970,2015,10.718,8173.0
304033,H,08024,2015,10.17,8025.0
304034,H,43007,2015,10.86,43002.0
304035,H,08024,2015,10.972000000000001,8034.0
304036,H,08029,2015,10.15,8029.0
304037,H,08022,2015,10.828,8034.0
304039,H,08560,2015,11.842,8560.0
304041,H,08034,2015,10.362,8017.0
304042,H,08700,2015,10.186,8700.0
304043,H,07400,2015,10.187999999999999,
304044,D,25006,2015,13.24,25006.0
304045,H,08500,2015,10.975999999999999,8500.0
304046,H,43391,2015,11.186,43206.0
304047,H,08700,2015,11.21,8700.0
304048,H,08035,2015,11.154000000000002,8035.0
304049,H,07210,2015,11.444,
304050,H,25280,2014,10.512,25280.0
304051,H,08338,2015,12.374,8330.0
304052,H,08400,2015,11.694,8400.0
304053,D,08840,2015,11.162,8840.0
304054,H,08026,2015,10.232000000000001,8021.0
304055,H,08820,2015,10.41,8820.0
304056,H,08130,2015,9.994,8100.0
304057,H,08380,2015,13.342,17003.0
304058,D,08029,2015,12.815999999999999,8029.0
304059,H,08915,2015,12.822000000000001,8912.0
304060,H,08018,2015,11.492,8027.0
304061,H,08030,2015,11.182,8030.0
304062,H,08260,2015,10.334000000000001,8260.0
304063,H,08029,2015,10.53,8017.0
304064,D,08028,2015,12.354000000000001,8902.0
304065,D,08015,2015,10.458,
304066,H,08840,2015,10.85,8840.0
304068,H,08024,2015,13.177999999999999,8034.0
304069,H,08840,2015,10.918,8840.0
304072,H,08017,2014,12.354000000000001,8022.0
304074,H,08830,2015,10.845999999999998,8830.0
304075,H,08800,2015,9.704,8800.0
304076,H,08930,2015,11.934000000000001,8003.0
304077,D,08017,2015,11.764000000000001,8022.0
304078,D,08490,2015,12.374,17003.0
304079,D,08022,2015,11.548,8022.0
304080,H,08005,2015,12.494000000000002,8019.0
304082,H,08370,2015,11.966,8370.0
304083,H,08017,2015,11.4,8017.0
304084,H,07760,2015,12.206,
304085,H,42001,2015,10.91,
304086,H,08700,2015,11.068,8700.0
304087,H,17246,2015,11.684000000000001,17244.0
304088,D,08038,2015,10.128,8902.0
304089,H,08901,2015,11.762,8901.0
304091,H,43850,2015,12.595999999999998,43120.0
304092,H,08770,2015,11.398,8770.0
304093,H,08140,2015,11.46,8140.0
304094,H,08022,2015,11.005999999999998,8022.0
304095,H,08860,2015,11.44,8850.0
304096,D,25002,2015,12.325999999999999,25193.0
304097,H,08906,2015,10.784,8006.0
304099,H,08830,2015,12.324000000000002,8830.0
304101,H,08035,2015,10.322000000000001,8035.0
304103,H,08015,2015,12.366,8015.0
304105,H,08012,2015,11.892000000000001,8034.0
304109,H,08980,2015,12.118,8980.0
304110,H,08340,2015,10.694,8302.0
304111,H,08635,2015,9.66,8635.0
304112,H,08013,2015,12.876,8006.0
304113,H,08620,2015,11.082,8620.0
304114,H,38530,2015,11.812999999999999,
304115,H,08023,2015,11.5,8032.0
304116,D,08173,2015,11.085999999999999,8034.0
304117,H,08006,2016,9.623,
304120,H,08022,2015,12.427999999999999,8022.0
304121,H,25241,2013,10.224,25230.0
304122,H,25300,2015,12.198,25300.0
304123,H,08017,2015,11.325999999999999,8017.0
304124,H,08028,2015,9.894,8028.0
304125,H,08021,2015,11.277999999999999,8022.0
304126,H,07460,2015,11.284,
304127,H,43005,2015,11.642000000000001,43003.0
304128,H,08907,2015,11.665999999999999,8907.0
304129,H,08005,2015,11.62,
304130,H,07200,2015,11.658,
304132,D,08008,2015,11.485999999999999,8008.0
304133,H,08391,2015,12.024000000000001,8916.0
304134,H,08025,2015,12.538,8025.0
304135,H,08031,2015,12.847999999999999,8032.0
304136,H,08029,2015,11.552,8017.0
304137,H,08018,2015,10.01,8027.0
304138,D,03530,2015,10.788,
304139,H,08001,2015,11.774000000000001,8001.0
304140,H,08500,2015,9.812000000000001,8500.0
304141,H,08960,2015,10.374,8950.0
304142,H,08330,2015,10.432,8328.0
304143,H,08003,2015,11.52,8009.0
304144,H,08009,2015,10.752,8009.0
304145,H,08031,2015,10.654000000000002,8031.0
304146,H,17458,2015,11.498,17005.0
304147,H,08029,2015,10.886,8029.0
304148,H,08173,2015,11.652000000000001,8174.0
304149,H,43800,2015,10.514000000000001,43800.0
304150,H,43206,2015,11.645999999999999,43120.0
304152,H,08028,2015,11.495999999999999,8014.0
304153,H,08850,2015,12.527999999999999,8850.0
304154,H,07730,2015,11.76,
304155,H,25004,2015,11.288,25110.0
304156,H,08028,2015,12.276,
304158,D,08130,2015,10.662,8130.0
304159,H,08013,2015,9.906,8026.0
304160,H,08006,2015,11.888,8034.0
304161,H,08820,2015,11.214,8021.0
304162,H,08013,2015,11.424000000000001,
304163,H,08009,2015,10.624,8010.0
304164,H,08015,2015,9.758,8034.0
304165,H,08002,2015,9.692,8028.0
304166,H,08021,2015,10.076,8017.0
304167,H,08850,2015,11.145999999999999,8850.0
304168,D,08005,2015,12.204,8034.0
304169,H,08570,2015,11.132,8570.0
304170,H,08940,2015,11.37,8970.0
304171,D,08205,2015,11.69,8034.0
304172,D,08401,2015,11.324000000000002,8401.0
304173,H,08917,2015,12.118,8912.0
304174,H,08700,2015,11.44,8719.0
304175,H,08024,2015,12.752,8032.0
304176,H,08195,2015,9.8,8021.0
304177,H,08037,2015,10.022,8021.0
304178,H,08790,2015,11.552,8770.0
304179,H,08021,2015,9.926,8034.0
304180,H,08551,2015,10.22,8551.0
304181,H,25520,2015,9.936,25520.0
304184,H,08174,2015,10.228,8173.0
304187,H,08739,2015,13.76,8770.0
304188,H,08440,2015,10.575999999999999,8440.0
304189,H,08006,2015,10.622,8006.0
304190,D,08023,2015,11.594000000000001,8022.0
304191,H,08690,2015,10.272,8830.0
304192,H,08029,2015,12.364,8029.0
304193,D,25004,2015,11.984000000000002,25002.0
304194,H,08005,2015,12.455,
304195,H,08041,2015,11.095999999999998,8006.0
304197,H,08520,2015,10.038,8440.0
304198,H,08820,2015,11.072000000000001,8017.0
304199,H,08830,2015,12.712,8830.0
304200,H,08290,2015,12.01,8034.0
304202,H,08172,2015,10.872,8022.0
304203,D,08195,2015,11.578,8193.0
304204,H,08034,2015,10.47,8006.0
304205,H,08208,2015,10.368,8201.0
304206,D,08014,2015,12.282,8014.0
304207,H,07460,2015,11.558,
304208,H,08251,2015,9.79,8930.0
304209,H,08440,2015,12.356,8440.0
304210,D,08173,2015,12.14,8017.0
304211,H,08800,2015,10.504000000000001,8800.0
304212,H,08034,2015,9.746,8017.0
304213,H,07702,2015,11.914000000000001,
304214,H,08034,2015,11.322000000000001,8034.0
304215,H,08107,2015,9.73,8520.0
304216,H,08005,2015,10.642000000000001,8005.0
304218,H,08029,2015,11.102,8029.0
304219,H,43700,2015,12.094000000000001,43700.0
304222,D,20018,2015,10.964,
304223,D,08014,2015,11.692,8023.0
304224,H,08850,2015,11.945,8850.0
304225,H,08022,2015,11.582,8022.0
304226,D,08007,2015,12.408,8034.0
304228,H,08021,2015,12.604000000000001,8173.0
304229,D,08021,2015,12.638,8017.0
304231,H,08290,2015,10.744000000000002,8290.0
304234,H,08005,2015,11.032,8005.0
304235,H,43800,2015,10.462,43002.0
304237,H,08025,2015,9.708,8013.0
304238,D,25300,2015,13.017999999999999,25300.0
304239,D,43881,2015,10.02,43881.0
304240,H,08012,2015,10.93,
304241,H,08035,2015,11.572000000000001,8035.0
304242,H,08034,2015,9.898,8034.0
304243,H,17003,2015,11.734000000000002,17005.0
304244,H,08901,2015,10.67,8907.0
304245,H,08186,2015,11.026,8010.0
304247,H,35423,2015,13.353,
304248,D,07140,2015,10.975999999999999,
304249,H,43850,2015,12.22,43840.0
304251,H,08031,2015,9.812000000000001,8180.0
304252,H,08031,2015,11.277999999999999,8031.0
304253,H,43007,2015,12.806,43005.0
304255,D,08029,2015,10.994000000000002,8017.0
304256,H,17860,2015,10.106,17500.0
304257,H,08290,2015,10.046,8290.0
304258,D,08029,2015,11.092,8017.0
304259,H,08301,2015,12.06,8302.0
304262,H,08940,2015,11.286,8970.0
304263,D,08034,2015,13.165999999999999,8034.0
304264,H,08820,2015,11.175999999999998,8820.0
304265,H,25003,2015,13.032,25111.0
304266,H,07014,2015,13.284,
304267,H,08290,2015,11.575999999999999,8290.0
304268,H,08037,2015,12.65,8009.0
304269,H,08320,2015,10.172,8320.0
304270,H,08690,2015,9.84,8901.0
304272,H,25008,2015,12.894,25111.0
304273,D,08021,2015,11.21,8034.0
304274,D,08006,2015,10.98,8017.0
304275,H,17300,2015,9.898,17300.0
304276,D,08850,2015,9.693999999999999,8850.0
304277,D,17480,2015,10.628,17480.0
304278,H,08759,2015,10.254000000000001,8034.0
304279,H,08032,2015,9.82,8032.0
304280,H,08028,2015,11.08,8014.0
304281,H,08339,2015,12.998,8302.0
304282,D,08017,2015,10.331,
304283,H,08690,2015,9.744,8950.0
304285,H,17600,2015,10.245999999999999,17600.0
304286,H,08035,2015,10.902000000000001,8035.0
304287,H,08330,2015,9.696,8338.0
304288,H,43840,2015,11.942,43840.0
304289,H,08014,2015,11.286,8014.0
304290,H,08006,2015,10.687999999999999,8173.0
304291,H,08290,2015,9.962,8193.0
304292,H,08004,2015,12.42,8014.0
304293,H,08017,2015,12.329,
304294,H,08025,2015,10.182,8025.0
304296,H,08017,2015,10.734000000000002,8017.0
304297,H,08024,2015,10.124,8024.0
304298,D,08029,2015,11.048,8029.0
304299,H,08173,2015,10.645999999999999,8021.0
304301,H,08520,2015,10.176,8530.0
304302,H,08034,2015,12.3,8034.0
304304,H,08302,2015,13.356,8303.0
304305,H,08503,2015,10.458,8500.0
304306,H,08023,2015,11.874,8034.0
304307,H,08029,2015,13.072000000000001,8029.0
304308,H,08029,2015,11.744000000000002,8017.0
304309,H,08960,2015,10.42,8034.0
304310,D,08395,2015,11.048,8370.0
304311,H,07015,2015,9.958,
304312,D,25125,2015,12.755999999999998,25196.0
304313,D,08870,2015,10.122,8017.0
304314,D,08552,2015,11.318,8552.0
304315,D,08192,2015,12.69,8193.0
304316,H,08002,2015,9.722000000000001,8023.0
304317,D,08034,2015,10.318,8017.0
304318,H,08023,2015,12.958,8006.0
304319,H,08021,2015,9.792,8022.0
304320,D,08290,2015,11.998,8193.0
304321,D,43206,2015,11.862,43205.0
304322,H,07200,2015,9.996,
304323,H,08034,2015,11.152000000000001,8034.0
304324,H,08006,2015,11.144,8034.0
304325,H,08005,2015,10.714,8005.0
304326,H,08303,2013,12.427999999999999,8303.0
304327,H,08340,2015,11.514000000000001,8340.0
304328,H,08015,2015,12.582,8010.0
304329,H,08960,2015,11.112,8950.0
304331,H,08755,2015,10.324000000000002,8902.0
304332,H,08392,2015,11.622,8392.0
304333,H,08340,2015,12.927999999999999,8340.0
304334,D,08041,2015,9.682,8041.0
304335,H,08030,2015,11.96,8030.0
304336,H,25004,2015,10.89,25110.0
304337,H,08005,2015,11.548,8003.0
304338,H,08013,2015,10.62,8010.0
304339,H,08012,2015,11.698,8006.0
304340,D,08017,2015,13.7,8034.0
304341,H,08391,2015,10.59,8390.0
304342,H,08006,2015,12.054,8017.0
304343,H,08022,2015,10.222000000000001,8022.0
304344,H,08172,2015,10.886,8017.0
304345,H,08130,2015,9.767999999999999,8130.0
304346,D,08018,2015,11.18,8009.0
304347,D,17600,2015,13.14,17600.0
304348,H,43201,2015,11.652000000000001,43205.0
304349,D,08037,2015,10.854000000000001,8010.0
304350,H,08027,2015,10.6,8027.0
304351,H,08024,2015,12.84,8009.0
304352,H,08005,2015,10.532,8027.0
304353,H,17800,2015,10.7,17800.0
304354,H,08015,2015,12.464,8021.0
304355,H,08911,2015,10.668,8911.0
304356,H,08776,2015,12.338,8770.0
304357,H,08031,2015,9.7,8027.0
304358,D,08720,2014,10.84,8720.0
304359,H,08015,2015,10.578,8015.0
304360,H,08003,2015,11.194,8005.0
304361,H,08918,2015,10.677999999999999,8930.0
304362,H,08903,2015,10.306,8014.0
304363,H,08190,2015,9.857999999999999,8174.0
304364,H,08304,2015,10.696,8304.0
304365,H,43005,2015,12.735999999999999,43007.0
304366,H,07013,2015,11.495999999999999,
304367,H,08197,2015,11.452,8021.0
304368,H,20013,2015,10.21,
304369,H,08172,2015,9.836,8034.0
304371,H,08197,2016,9.016,8034.0
304372,H,08017,2015,12.284,8022.0
304373,H,08023,2015,9.932,8035.0
304374,H,08016,2015,9.772,8030.0
304375,H,08022,2015,10.187999999999999,8022.0
304376,H,08029,2015,10.546,8950.0
304377,H,08017,2015,13.017999999999999,8034.0
304378,H,08757,2015,11.33,8950.0
304380,H,08034,2015,9.868,8034.0
304381,H,08028,2015,11.628,8034.0
304382,H,08860,2015,12.578,8860.0
304383,H,25240,2015,11.618,25337.0
304384,H,43800,2015,12.71,43800.0
304385,H,08960,2015,9.856,8950.0
304386,D,08020,2015,12.742,8027.0
304387,H,08005,2015,11.796,
304388,H,08700,2015,12.048,8700.0
304389,H,08755,2015,11.534,8173.0
304390,H,08840,2015,9.826,8840.0
304391,D,08015,2015,10.854000000000001,8029.0
304392,D,08290,2015,10.56,8193.0
304393,H,08004,2015,10.038,8004.0
304394,H,08500,2015,11.89,8500.0
304395,H,08870,2015,11.524000000000001,8870.0
304397,H,07570,2015,11.738,
304398,D,08036,2015,12.444,8017.0
304399,H,08025,2015,9.87,8025.0
304400,H,07800,2015,12.994000000000002,
304401,H,08017,2015,11.67,8034.0
304402,H,35420,2015,11.245,
304403,H,25100,2015,10.038,25100.0
304404,H,17310,2015,9.846,17310.0
304405,H,08820,2015,10.788,8017.0
304406,H,08018,2015,10.79,43840.0
304407,H,43202,2015,9.656,43205.0
304408,H,08970,2015,11.575999999999999,8950.0
304409,H,08922,2015,10.31,8917.0
304410,H,08905,2015,9.764,8907.0
307330,H,08980,2015,9.046,8980.0
308041,H,08173,2015,10.324000000000002,8173.0
308042,D,08917,2015,12.15,8917.0
308043,H,17300,2015,10.644,17300.0
308044,H,17800,2015,10.758,17800.0
308045,H,07015,2015,11.994000000000002,
308046,H,08028,2015,12.216,8034.0
308048,H,08923,2015,9.746,8924.0
308049,H,08028,2015,11.338,
308050,H,28038,2015,11.985999999999999,
308051,H,08172,2015,12.4,
308052,H,08017,2015,9.64,8017.0
308053,H,08017,2015,10.46,8017.0
308056,H,08021,2015,10.638,8034.0
308057,H,08038,2015,12.294,8014.0
308058,H,08906,2015,11.25,8950.0
308059,H,08211,2014,11.702,8211.0
308060,H,08800,2015,11.078,8800.0
308061,H,08461,2015,10.517999999999999,8440.0
308062,H,08036,2013,10.706,8036.0
308063,H,08940,2015,9.916,8906.0
308064,H,08172,2015,10.93,8022.0
308065,H,08005,2015,12.23,8010.0
308066,H,08004,2015,11.972000000000001,8001.0
309126,D,08028,2015,10.392000000000001,
309127,H,25334,2015,10.276,25337.0
309128,H,08028,2015,10.648,8034.0
309131,D,08192,2015,10.558,8193.0
309132,D,08006,2015,11.02,8034.0
309134,H,08339,2015,10.177999999999999,8304.0
309135,H,08034,2014,9.363999999999999,8017.0
309139,D,08011,2015,12.15,8029.0
309140,H,08017,2015,12.124,8022.0
309141,H,08902,2015,11.314,8902.0
309144,H,08028,2015,11.32,8017.0
309145,D,08035,2015,11.404000000000002,8035.0
309147,D,08006,2015,12.53,8006.0
309148,D,08328,2015,10.048,8320.0
310467,H,08960,2015,9.84,
